filename,width,height,class,xmin,ymin,xmax,ymax
TCGA-02-0009-87.jpg,240,240,glioma,102,63,159,103
TCGA-02-0009-90.jpg,240,240,glioma,104,63,161,104
TCGA-02-0009-91.jpg,240,240,glioma,104,63,161,104
TCGA-02-0009-92.jpg,240,240,glioma,104,63,162,105
TCGA-02-0009-95.jpg,240,240,glioma,123,62,162,102
TCGA-02-0011-82.jpg,240,240,glioma,97,103,167,157
TCGA-02-0011-76.jpg,240,240,glioma,98,103,167,158
TCGA-02-0011-86.jpg,240,240,glioma,92,102,167,157
TCGA-02-0033-74.jpg,240,240,glioma,122,78,180,147
TCGA-02-0033-73.jpg,240,240,glioma,128,78,180,147
TCGA-02-0033-69.jpg,240,240,glioma,129,78,177,141
TCGA-02-0034-73.jpg,240,240,glioma,70,129,136,175
TCGA-02-0034-77.jpg,240,240,glioma,62,127,138,176
TCGA-02-0034-79.jpg,240,240,glioma,61,127,139,177
TCGA-02-0034-64.jpg,240,240,glioma,85,139,123,171
TCGA-02-0037-84.jpg,240,240,glioma,114,60,195,122
TCGA-02-0046-71.jpg,240,240,glioma,103,125,199,179
TCGA-02-0046-69.jpg,240,240,glioma,102,126,200,179
TCGA-02-0046-68.jpg,240,240,glioma,102,126,200,179
TCGA-02-0046-81.jpg,240,240,glioma,104,121,190,172
TCGA-02-0054-78.jpg,240,240,glioma,99,117,162,172
TCGA-02-0059-79.jpg,240,240,glioma,117,56,192,112
TCGA-02-0059-75.jpg,240,240,glioma,118,55,191,114
TCGA-02-0064-67.jpg,240,240,glioma,126,140,173,175
TCGA-02-0064-64.jpg,240,240,glioma,125,139,175,176
TCGA-02-0064-63.jpg,240,240,glioma,124,138,174,176
TCGA-02-0068-78.jpg,240,240,glioma,132,139,177,177
TCGA-02-0075-81.jpg,240,240,glioma,96,129,184,182
TCGA-02-0075-82.jpg,240,240,glioma,96,129,183,182
TCGA-02-0075-80.jpg,240,240,glioma,96,130,178,183
TCGA-02-0075-75.jpg,240,240,glioma,98,131,172,183
TCGA-02-0085-78.jpg,240,240,glioma,74,124,137,172
TCGA-02-0085-75.jpg,240,240,glioma,79,125,135,172
TCGA-02-0085-83.jpg,240,240,glioma,72,123,139,173
TCGA-02-0085-72.jpg,240,240,glioma,91,126,133,156
TCGA-02-0085-71.jpg,240,240,glioma,91,126,132,156
TCGA-02-0087-76.jpg,240,240,glioma,104,68,134,98
TCGA-02-0087-77.jpg,240,240,glioma,104,68,135,99
TCGA-02-0087-90.jpg,240,240,glioma,101,65,153,115
TCGA-02-0102-62.jpg,240,240,glioma,140,80,172,110
TCGA-02-0106-74.jpg,240,240,glioma,139,66,201,112
TCGA-02-0106-77.jpg,240,240,glioma,138,66,201,112
TCGA-02-0106-79.jpg,240,240,glioma,139,66,201,112
TCGA-02-0116-81.jpg,240,240,glioma,126,137,173,177
TCGA-02-0116-82.jpg,240,240,glioma,126,137,171,177
TCGA-06-0119-78.jpg,240,240,glioma,81,63,183,115
TCGA-06-0119-72.jpg,240,240,glioma,83,56,183,112
TCGA-06-0119-70.jpg,240,240,glioma,84,55,186,114
TCGA-06-0119-82.jpg,240,240,glioma,77,57,184,117
TCGA-06-0122-77.jpg,240,240,glioma,144,119,206,164
TCGA-06-0122-75.jpg,240,240,glioma,143,119,206,165
TCGA-06-0122-85.jpg,240,240,glioma,147,119,204,161
TCGA-06-0122-73.jpg,240,240,glioma,143,119,206,166
TCGA-06-0122-72.jpg,240,240,glioma,143,119,207,166
TCGA-06-0130-81.jpg,240,240,glioma,82,132,133,169
TCGA-06-0137-75.jpg,240,240,glioma,96,53,198,122
TCGA-06-0137-87.jpg,240,240,glioma,100,60,193,113
TCGA-06-0138-81.jpg,240,240,glioma,83,57,167,115
TCGA-06-0139-84.jpg,240,240,glioma,78,128,168,167
TCGA-06-0142-71.jpg,240,240,glioma,70,124,187,176
TCGA-06-0142-83.jpg,240,240,glioma,61,128,179,179
TCGA-06-0142-84.jpg,240,240,glioma,81,128,178,179
TCGA-06-0142-85.jpg,240,240,glioma,80,128,177,178
TCGA-06-0142-68.jpg,240,240,glioma,71,124,189,177
TCGA-06-0142-86.jpg,240,240,glioma,79,128,177,177
TCGA-06-0145-88.jpg,240,240,glioma,92,64,160,119
TCGA-06-0145-74.jpg,240,240,glioma,102,68,147,122
TCGA-06-0145-73.jpg,240,240,glioma,102,69,144,121
TCGA-06-0149-88.jpg,240,240,glioma,87,76,178,113
TCGA-06-0149-74.jpg,240,240,glioma,89,72,183,128
TCGA-06-0154-93.jpg,240,240,glioma,70,76,136,120
TCGA-06-0154-102.jpg,240,240,glioma,66,69,147,122
TCGA-06-0158-89.jpg,240,240,glioma,106,142,141,177
TCGA-06-0158-81.jpg,240,240,glioma,99,130,144,178
TCGA-06-0162-81.jpg,240,240,glioma,106,66,201,135
TCGA-06-0162-84.jpg,240,240,glioma,106,67,203,134
TCGA-06-0162-77.jpg,240,240,glioma,106,66,201,136
TCGA-06-0162-90.jpg,240,240,glioma,108,58,204,133
TCGA-06-0162-91.jpg,240,240,glioma,109,58,203,133
TCGA-06-0162-73.jpg,240,240,glioma,107,66,205,128
TCGA-06-0164-78.jpg,240,240,glioma,138,120,196,164
TCGA-06-0164-74.jpg,240,240,glioma,141,121,195,164
TCGA-06-0176-78.jpg,240,240,glioma,69,61,127,116
TCGA-06-0177-83.jpg,240,240,glioma,114,132,168,178
TCGA-06-0177-84.jpg,240,240,glioma,115,134,166,176
TCGA-06-0177-74.jpg,240,240,glioma,103,134,171,182
TCGA-06-0177-86.jpg,240,240,glioma,117,133,166,172
TCGA-06-0179-59.jpg,240,240,glioma,87,133,138,180
TCGA-06-0179-54.jpg,240,240,glioma,87,132,142,175
TCGA-06-0182-84.jpg,240,240,glioma,85,116,175,174
TCGA-06-0184-71.jpg,240,240,glioma,51,73,123,127
TCGA-06-0184-69.jpg,240,240,glioma,52,73,123,127
TCGA-06-0185-70.jpg,240,240,glioma,93,54,165,110
TCGA-06-0185-85.jpg,240,240,glioma,105,59,155,106
TCGA-06-0187-83.jpg,240,240,glioma,139,74,196,117
TCGA-06-0187-86.jpg,240,240,glioma,138,73,198,117
TCGA-06-0188-71.jpg,240,240,glioma,88,71,124,99
TCGA-06-0192-74.jpg,240,240,glioma,139,124,202,173
TCGA-06-0192-83.jpg,240,240,glioma,142,127,200,170
TCGA-06-0238-78.jpg,240,240,glioma,46,126,170,180
TCGA-06-0238-71.jpg,240,240,glioma,47,124,169,181
TCGA-06-0238-81.jpg,240,240,glioma,45,125,170,179
TCGA-06-0644-76.jpg,240,240,glioma,143,132,179,173
TCGA-06-0644-77.jpg,240,240,glioma,143,131,178,176
TCGA-06-0646-74.jpg,240,240,glioma,106,71,148,100
TCGA-06-1084-77.jpg,240,240,glioma,84,140,137,183
TCGA-06-1084-84.jpg,240,240,glioma,83,137,159,180
TCGA-06-1802-75.jpg,240,240,glioma,101,117,181,185
TCGA-06-1802-90.jpg,240,240,glioma,103,116,191,185
TCGA-06-1802-92.jpg,240,240,glioma,102,120,192,184
TCGA-06-2570-63.jpg,240,240,glioma,106,54,162,101
TCGA-06-5408-81.jpg,240,240,glioma,51,98,150,172
TCGA-06-5408-85.jpg,240,240,glioma,51,93,149,173
TCGA-06-5408-77.jpg,240,240,glioma,52,107,149,173
TCGA-06-5408-76.jpg,240,240,glioma,52,98,149,173
TCGA-06-5417-80.jpg,240,240,glioma,81,91,153,168
TCGA-06-5417-85.jpg,240,240,glioma,53,90,150,171
TCGA-06-6389-70.jpg,240,240,glioma,98,136,190,167
TCGA-08-0355-90.jpg,240,240,glioma,108,62,159,109
TCGA-08-0359-87.jpg,240,240,glioma,143,102,206,162
TCGA-08-0359-89.jpg,240,240,glioma,146,106,206,162
TCGA-08-0359-92.jpg,240,240,glioma,140,112,203,160
TCGA-08-0359-98.jpg,240,240,glioma,132,115,199,158
TCGA-08-0360-64.jpg,240,240,glioma,168,136,197,169
TCGA-08-0385-79.jpg,240,240,glioma,78,128,149,170
TCGA-08-0385-75.jpg,240,240,glioma,77,126,155,171
TCGA-08-0385-71.jpg,240,240,glioma,77,122,158,175
TCGA-08-0385-70.jpg,240,240,glioma,77,119,159,175
TCGA-08-0389-78.jpg,240,240,glioma,82,136,165,180
TCGA-08-0389-74.jpg,240,240,glioma,82,135,162,180
TCGA-08-0389-73.jpg,240,240,glioma,82,134,159,181
TCGA-08-0390-74.jpg,240,240,glioma,106,58,196,108
TCGA-08-0390-81.jpg,240,240,glioma,99,55,184,109
TCGA-08-0392-87.jpg,240,240,glioma,131,109,200,177
TCGA-08-0509-89.jpg,240,240,glioma,124,72,161,105
TCGA-08-0509-92.jpg,240,240,glioma,123,70,161,105
TCGA-08-0512-67.jpg,240,240,glioma,46,82,114,130
TCGA-08-0512-80.jpg,240,240,glioma,41,65,121,134
TCGA-08-0512-64.jpg,240,240,glioma,53,86,110,128
TCGA-08-0520-84.jpg,240,240,glioma,86,120,175,177
TCGA-08-0520-71.jpg,240,240,glioma,86,121,175,180
TCGA-08-0520-69.jpg,240,240,glioma,87,122,174,180
TCGA-08-0522-79.jpg,240,240,glioma,112,59,198,131
TCGA-12-0616-75.jpg,240,240,glioma,110,132,168,164
TCGA-12-0616-64.jpg,240,240,glioma,100,123,168,173
TCGA-12-0776-75.jpg,240,240,glioma,74,110,157,163
TCGA-12-0776-70.jpg,240,240,glioma,73,105,162,162
TCGA-12-0829-67.jpg,240,240,glioma,91,56,166,95
TCGA-12-0829-80.jpg,240,240,glioma,93,57,157,94
TCGA-12-1094-91.jpg,240,240,glioma,66,101,135,154
TCGA-12-1094-92.jpg,240,240,glioma,66,102,135,155
TCGA-12-1094-93.jpg,240,240,glioma,65,101,135,155
TCGA-12-1094-97.jpg,240,240,glioma,66,103,139,155
TCGA-12-1098-87.jpg,240,240,glioma,81,131,146,164
TCGA-12-1598-86.jpg,240,240,glioma,114,59,199,109
TCGA-12-1598-79.jpg,240,240,glioma,128,59,197,108
TCGA-12-1601-77.jpg,240,240,glioma,135,133,201,183
TCGA-12-1601-74.jpg,240,240,glioma,131,133,203,184
TCGA-12-1601-83.jpg,240,240,glioma,135,136,198,182
TCGA-12-1601-67.jpg,240,240,glioma,127,132,204,185
TCGA-12-3650-77.jpg,240,240,glioma,156,154,185,178
TCGA-12-3650-80.jpg,240,240,glioma,156,153,185,177
TCGA-12-3650-82.jpg,240,240,glioma,156,154,184,178
TCGA-12-3650-83.jpg,240,240,glioma,156,153,184,177
TCGA-14-1456-69.jpg,240,240,glioma,53,104,130,173
TCGA-14-1456-79.jpg,240,240,glioma,57,104,135,168
TCGA-14-1456-62.jpg,240,240,glioma,53,102,127,173
TCGA-14-1794-67.jpg,240,240,glioma,67,67,130,125
TCGA-14-1825-67.jpg,240,240,glioma,118,61,197,112
TCGA-14-3477-73.jpg,240,240,glioma,75,55,161,133
TCGA-14-3477-65.jpg,240,240,glioma,78,55,160,131
TCGA-19-0963-82.jpg,240,240,glioma,86,124,166,182
TCGA-19-1789-79.jpg,240,240,glioma,138,68,179,124
TCGA-19-1789-70.jpg,240,240,glioma,143,78,170,116
TCGA-19-2631-87.jpg,240,240,glioma,58,55,168,130
TCGA-19-5951-63.jpg,240,240,glioma,95,138,135,174
TCGA-19-5951-61.jpg,240,240,glioma,93,135,136,175
TCGA-19-5954-77.jpg,240,240,glioma,101,57,199,124
TCGA-19-5954-76.jpg,240,240,glioma,99,57,199,124
TCGA-19-5958-78.jpg,240,240,glioma,110,57,199,111
TCGA-19-5958-71.jpg,240,240,glioma,107,56,203,110
TCGA-19-5958-85.jpg,240,240,glioma,112,60,195,112
TCGA-19-5958-86.jpg,240,240,glioma,113,61,195,112
TCGA-19-5958-88.jpg,240,240,glioma,115,61,194,111
TCGA-19-5960-66.jpg,240,240,glioma,81,107,171,179
TCGA-76-4932-79.jpg,240,240,glioma,122,132,183,177
TCGA-76-4934-70.jpg,240,240,glioma,133,62,205,142
TCGA-76-4934-84.jpg,240,240,glioma,136,63,200,116
TCGA-76-4934-66.jpg,240,240,glioma,138,64,206,145
TCGA-76-4935-74.jpg,240,240,glioma,141,116,193,156
TCGA-76-4935-83.jpg,240,240,glioma,134,114,200,163
TCGA-76-6191-64.jpg,240,240,glioma,89,142,167,183
TCGA-76-6191-61.jpg,240,240,glioma,88,142,160,183
TCGA-76-6193-67.jpg,240,240,glioma,80,134,142,180
TCGA-76-6193-73.jpg,240,240,glioma,79,134,133,176
TCGA-76-6280-80.jpg,240,240,glioma,82,134,143,179
TCGA-76-6280-84.jpg,240,240,glioma,78,132,144,179
TCGA-76-6285-71.jpg,240,240,glioma,134,137,176,174
TCGA-76-6285-65.jpg,240,240,glioma,128,136,181,174
TCGA-76-6656-64.jpg,240,240,glioma,126,127,190,163
TCGA-76-6657-75.jpg,240,240,glioma,106,127,188,185
TCGA-76-6657-73.jpg,240,240,glioma,101,128,187,186
TCGA-76-6661-80.jpg,240,240,glioma,87,52,187,114
TCGA-76-6661-77.jpg,240,240,glioma,86,51,187,114
TCGA-76-6661-76.jpg,240,240,glioma,81,51,188,115
TCGA-76-6663-78.jpg,240,240,glioma,48,68,110,139
TCGA-76-6663-84.jpg,240,240,glioma,48,68,112,140
TCGA-76-6663-88.jpg,240,240,glioma,48,70,111,138
TCGA-76-6664-85.jpg,240,240,glioma,65,66,127,126
TCGA-76-6664-88.jpg,240,240,glioma,65,66,129,128
TCGA-76-6664-76.jpg,240,240,glioma,76,73,119,117
2013_pat0001-67.jpg,240,240,glioma,110,84,155,128
2013_pat0004-76.jpg,240,240,glioma,101,137,170,181
2013_pat0004-78.jpg,240,240,glioma,103,136,171,183
2013_pat0004-81.jpg,240,240,glioma,107,135,174,185
2013_pat0006-107.jpg,240,240,glioma,68,120,121,146
2013_pat0008-78.jpg,240,240,glioma,54,65,93,98
2013_pat0008-70.jpg,240,240,glioma,53,66,90,105
2013_pat0008-68.jpg,240,240,glioma,56,66,90,104
2013_pat0008-85.jpg,240,240,glioma,56,67,92,97
2013_pat0011-87.jpg,240,240,glioma,94,129,150,169
2013_pat0011-71.jpg,240,240,glioma,93,136,143,168
2013_pat0011-70.jpg,240,240,glioma,94,136,143,166
2013_pat0012-82.jpg,240,240,glioma,99,151,129,175
2013_pat0012-83.jpg,240,240,glioma,97,144,131,174
2013_pat0012-94.jpg,240,240,glioma,91,132,143,178
2013_pat0014-54.jpg,240,240,glioma,116,65,162,97
2013_pat0014-51.jpg,240,240,glioma,113,65,162,96
tcia_pat101-76.jpg,240,240,glioma,68,63,109,99
tcia_pat101-82.jpg,240,240,glioma,60,62,111,103
tcia_pat101-88.jpg,240,240,glioma,57,62,107,113
tcia_pat103-64.jpg,240,240,glioma,70,113,135,172
tcia_pat109-75.jpg,240,240,glioma,68,63,153,124
tcia_pat109-73.jpg,240,240,glioma,69,63,154,123
tcia_pat109-81.jpg,240,240,glioma,63,59,152,130
tcia_pat109-72.jpg,240,240,glioma,70,62,157,123
tcia_pat109-82.jpg,240,240,glioma,63,59,154,131
tcia_pat109-70.jpg,240,240,glioma,72,63,158,124
tcia_pat141-73.jpg,240,240,glioma,75,65,129,132
tcia_pat152-76.jpg,240,240,glioma,85,67,143,123
tcia_pat152-86.jpg,240,240,glioma,91,74,140,127
tcia_pat175-81.jpg,240,240,glioma,65,62,164,128
tcia_pat175-91.jpg,240,240,glioma,75,60,161,124
tcia_pat175-74.jpg,240,240,glioma,71,63,169,133
tcia_pat202-75.jpg,240,240,glioma,59,72,150,126
tcia_pat202-73.jpg,240,240,glioma,59,68,152,125
tcia_pat202-85.jpg,240,240,glioma,61,74,150,128
tcia_pat241-77.jpg,240,240,glioma,91,125,178,180
tcia_pat241-81.jpg,240,240,glioma,98,123,176,178
tcia_pat241-84.jpg,240,240,glioma,100,129,168,173
tcia_pat249-67.jpg,240,240,glioma,87,114,148,179
tcia_pat249-66.jpg,240,240,glioma,84,113,155,178
tcia_pat249-79.jpg,240,240,glioma,89,140,130,174
tcia_pat249-65.jpg,240,240,glioma,84,112,155,178
tcia_pat254-75.jpg,240,240,glioma,86,57,186,119
tcia_pat254-86.jpg,240,240,glioma,99,65,173,113
tcia_pat254-87.jpg,240,240,glioma,100,65,173,113
tcia_pat255-82.jpg,240,240,glioma,60,90,188,164
tcia_pat255-80.jpg,240,240,glioma,60,91,189,167
tcia_pat255-78.jpg,240,240,glioma,60,94,190,168
tcia_pat255-77.jpg,240,240,glioma,61,95,190,169
tcia_pat255-76.jpg,240,240,glioma,62,99,191,170
tcia_pat261-80.jpg,240,240,glioma,54,61,139,136
tcia_pat261-81.jpg,240,240,glioma,53,61,139,137
tcia_pat266-83.jpg,240,240,glioma,60,121,97,148
tcia_pat276-68.jpg,240,240,glioma,50,85,114,123
tcia_pat282-76.jpg,240,240,glioma,46,106,122,164
tcia_pat282-73.jpg,240,240,glioma,47,109,116,165
tcia_pat282-69.jpg,240,240,glioma,49,117,118,160
tcia_pat298-80.jpg,240,240,glioma,90,56,169,110
tcia_pat298-76.jpg,240,240,glioma,89,55,168,109
tcia_pat298-75.jpg,240,240,glioma,90,55,168,107
tcia_pat299-87.jpg,240,240,glioma,141,84,172,111
tcia_pat325-83.jpg,240,240,glioma,43,79,128,140
tcia_pat330-75.jpg,240,240,glioma,131,83,171,110
tcia_pat330-69.jpg,240,240,glioma,102,77,167,159
tcia_pat346-74.jpg,240,240,glioma,102,138,157,182
tcia_pat346-77.jpg,240,240,glioma,100,133,161,183
tcia_pat346-70.jpg,240,240,glioma,102,144,153,182
tcia_pat346-69.jpg,240,240,glioma,103,145,150,182
tcia_pat346-80.jpg,240,240,glioma,98,132,165,182
tcia_pat351-80.jpg,240,240,glioma,72,106,144,158
tcia_pat354-54.jpg,240,240,glioma,128,154,171,184
tcia_pat354-49.jpg,240,240,glioma,124,154,173,186
tcia_pat393-83.jpg,240,240,glioma,42,73,123,142
tcia_pat393-74.jpg,240,240,glioma,45,77,127,138
tcia_pat393-86.jpg,240,240,glioma,42,72,126,143
tcia_pat408-62.jpg,240,240,glioma,110,53,168,98
tcia_pat408-60.jpg,240,240,glioma,108,53,169,98
tcia_pat410-83.jpg,240,240,glioma,46,60,175,163
tcia_pat413-73.jpg,240,240,glioma,144,78,193,170
tcia_pat413-65.jpg,240,240,glioma,142,79,185,155
tcia_pat413-64.jpg,240,240,glioma,142,80,183,155
tcia_pat420-98.jpg,240,240,glioma,52,119,111,142
tcia_pat428-73.jpg,240,240,glioma,91,142,130,177
tcia_pat428-85.jpg,240,240,glioma,89,137,135,178
tcia_pat442-70.jpg,240,240,glioma,92,53,153,100
tcia_pat451-69.jpg,240,240,glioma,86,69,146,167
tcia_pat451-67.jpg,240,240,glioma,86,69,147,167
tcia_pat462-76.jpg,240,240,glioma,87,71,173,109
tcia_pat470-69.jpg,240,240,glioma,143,154,178,186
tcia_pat480-79.jpg,240,240,glioma,56,58,181,145
tcia_pat480-84.jpg,240,240,glioma,56,57,148,137
tcia_pat483-72.jpg,240,240,glioma,56,59,172,121
tcia_pat483-69.jpg,240,240,glioma,57,59,173,121
tcia_pat490-75.jpg,240,240,glioma,68,106,123,161
tcia_pat490-73.jpg,240,240,glioma,66,105,123,159
tcia_pat493-77.jpg,240,240,glioma,131,62,199,112
tcia_pat493-86.jpg,240,240,glioma,127,62,196,116
tcia_pat493-72.jpg,240,240,glioma,137,60,198,110
2013_pat0001-hgg-78.jpg,240,240,glioma,89,65,169,110
2013_pat0001-hgg-80.jpg,240,240,glioma,89,66,170,109
2013_pat0002-hgg-74.jpg,240,240,glioma,149,124,189,153
2013_pat0002-hgg-81.jpg,240,240,glioma,149,121,192,158
2013_pat0002-hgg-84.jpg,240,240,glioma,144,120,192,160
2013_pat0003-hgg-77.jpg,240,240,glioma,119,63,200,151
2013_pat0003-hgg-80.jpg,240,240,glioma,121,61,199,152
2013_pat0004-hgg-67.jpg,240,240,glioma,97,141,141,177
2013_pat0004-hgg-83.jpg,240,240,glioma,86,125,150,180
2013_pat0005-hgg-84.jpg,240,240,glioma,141,54,204,102
2013_pat0006-hgg-78.jpg,240,240,glioma,63,102,138,171
2013_pat0008-hgg-83.jpg,240,240,glioma,104,57,199,111
2013_pat0009-hgg-72.jpg,240,240,glioma,53,67,143,132
2013_pat0009-hgg-78.jpg,240,240,glioma,51,69,147,141
2013_pat0009-hgg-80.jpg,240,240,glioma,50,68,148,142
2013_pat0009-hgg-70.jpg,240,240,glioma,53,68,143,132
2013_pat0009-hgg-68.jpg,240,240,glioma,54,70,143,133
2013_pat0009-hgg-85.jpg,240,240,glioma,49,66,149,142
2013_pat0010-hgg-82.jpg,240,240,glioma,155,134,186,175
2013_pat0010-hgg-84.jpg,240,240,glioma,153,134,188,172
2013_pat0011-hgg-88.jpg,240,240,glioma,76,109,149,163
2013_pat0011-hgg-89.jpg,240,240,glioma,76,108,151,163
2013_pat0011-hgg-92.jpg,240,240,glioma,73,108,154,164
2013_pat0012-hgg-99.jpg,240,240,glioma,96,140,126,171
2013_pat0012-hgg-101.jpg,240,240,glioma,94,141,127,173
2013_pat0013-hgg-96.jpg,240,240,glioma,129,82,152,104
2013_pat0013-hgg-97.jpg,240,240,glioma,128,81,153,104
2013_pat0013-hgg-103.jpg,240,240,glioma,128,78,155,105
2013_pat0014-hgg-72.jpg,240,240,glioma,53,111,122,177
2013_pat0014-hgg-74.jpg,240,240,glioma,54,111,122,176
2013_pat0015-hgg-71.jpg,240,240,glioma,45,85,127,170
2013_pat0015-hgg-77.jpg,240,240,glioma,42,82,127,172
2013_pat0015-hgg-78.jpg,240,240,glioma,42,82,125,173
2013_pat0015-hgg-80.jpg,240,240,glioma,42,81,124,173
2013_pat0015-hgg-84.jpg,240,240,glioma,42,82,126,173
2013_pat0022-hgg-73.jpg,240,240,glioma,96,135,163,181
2013_pat0022-hgg-78.jpg,240,240,glioma,101,136,162,181
2013_pat0022-hgg-67.jpg,240,240,glioma,94,135,162,183
2013_pat0024-hgg-78.jpg,240,240,glioma,92,55,168,114
2013_pat0024-hgg-83.jpg,240,240,glioma,94,64,164,113
2013_pat0024-hgg-84.jpg,240,240,glioma,95,63,164,113
2013_pat0025-hgg-70.jpg,240,240,glioma,79,121,151,172
2013_pat0025-hgg-79.jpg,240,240,glioma,73,116,147,173
2013_pat0026-hgg-67.jpg,240,240,glioma,95,142,190,186
2013_pat0027-hgg-73.jpg,240,240,glioma,76,113,194,189
2013_pat0027-hgg-80.jpg,240,240,glioma,74,114,181,189
tcia_pat105-hgg-74.jpg,240,240,glioma,137,68,204,129
tcia_pat105-hgg-80.jpg,240,240,glioma,138,69,202,119
tcia_pat105-hgg-70.jpg,240,240,glioma,136,66,205,130
tcia_pat111-hgg-75.jpg,240,240,glioma,88,56,167,96
tcia_pat111-hgg-70.jpg,240,240,glioma,89,56,162,97
tcia_pat111-hgg-76.jpg,240,240,glioma,89,57,167,97
tcia_pat113-hgg-80.jpg,240,240,glioma,70,68,122,126
tcia_pat113-hgg-90.jpg,240,240,glioma,65,67,130,129
tcia_pat113-hgg-91.jpg,240,240,glioma,65,67,130,129
tcia_pat117-hgg-67.jpg,240,240,glioma,97,61,160,117
tcia_pat117-hgg-83.jpg,240,240,glioma,112,80,153,114
tcia_pat118-hgg-82.jpg,240,240,glioma,106,67,200,134
tcia_pat118-hgg-85.jpg,240,240,glioma,107,68,203,133
tcia_pat118-hgg-90.jpg,240,240,glioma,108,60,203,125
tcia_pat120-hgg-70.jpg,240,240,glioma,114,59,149,97
tcia_pat120-hgg-60.jpg,240,240,glioma,98,60,151,107
tcia_pat121-hgg-77.jpg,240,240,glioma,92,60,168,112
tcia_pat124-hgg-70.jpg,240,240,glioma,73,101,131,162
tcia_pat124-hgg-78.jpg,240,240,glioma,71,88,151,166
tcia_pat124-hgg-65.jpg,240,240,glioma,72,102,128,153
tcia_pat133-hgg-85.jpg,240,240,glioma,84,82,163,107
tcia_pat135-hgg-76.jpg,240,240,glioma,140,76,187,116
tcia_pat147-hgg-80.jpg,240,240,glioma,103,123,191,176
tcia_pat147-hgg-82.jpg,240,240,glioma,104,124,189,173
tcia_pat150-hgg-78.jpg,240,240,glioma,119,133,175,182
tcia_pat150-hgg-77.jpg,240,240,glioma,117,134,175,182
tcia_pat150-hgg-76.jpg,240,240,glioma,105,133,175,181
tcia_pat151-hgg-77.jpg,240,240,glioma,138,120,196,163
tcia_pat151-hgg-86.jpg,240,240,glioma,130,119,196,166
tcia_pat151-hgg-71.jpg,240,240,glioma,140,122,194,165
tcia_pat153-hgg-98.jpg,240,240,glioma,99,62,199,143
tcia_pat153-hgg-99.jpg,240,240,glioma,100,63,199,143
tcia_pat153-hgg-84.jpg,240,240,glioma,109,62,201,143
tcia_pat153-hgg-101.jpg,240,240,glioma,100,64,199,143
tcia_pat157-hgg-76.jpg,240,240,glioma,144,110,204,163
tcia_pat157-hgg-80.jpg,240,240,glioma,147,110,203,165
tcia_pat157-hgg-67.jpg,240,240,glioma,137,109,210,165
tcia_pat162-hgg-83.jpg,240,240,glioma,134,112,200,161
tcia_pat164-hgg-71.jpg,240,240,glioma,100,106,179,171
tcia_pat165-hgg-74.jpg,240,240,glioma,88,122,168,176
tcia_pat165-hgg-70.jpg,240,240,glioma,88,121,169,177
tcia_pat167-hgg-71.jpg,240,240,glioma,99,128,187,186
tcia_pat167-hgg-69.jpg,240,240,glioma,99,128,187,186
tcia_pat168-hgg-73.jpg,240,240,glioma,71,62,130,128
tcia_pat168-hgg-69.jpg,240,240,glioma,73,66,129,155
tcia_pat168-hgg-80.jpg,240,240,glioma,67,61,134,117
tcia_pat170-hgg-77.jpg,240,240,glioma,41,111,203,182
tcia_pat170-hgg-79.jpg,240,240,glioma,42,111,203,182
tcia_pat171-hgg-73.jpg,240,240,glioma,67,56,183,122
tcia_pat173-hgg-71.jpg,240,240,glioma,93,56,187,129
tcia_pat173-hgg-78.jpg,240,240,glioma,114,58,186,125
tcia_pat173-hgg-64.jpg,240,240,glioma,112,54,185,128
tcia_pat178-hgg-74.jpg,240,240,glioma,92,56,155,95
tcia_pat178-hgg-85.jpg,240,240,glioma,98,58,143,93
tcia_pat179-hgg-70.jpg,240,240,glioma,95,132,171,180
tcia_pat183-hgg-67.jpg,240,240,glioma,86,111,160,169
tcia_pat184-hgg-78.jpg,240,240,glioma,87,124,164,177
tcia_pat184-hgg-77.jpg,240,240,glioma,87,124,164,178
tcia_pat184-hgg-80.jpg,240,240,glioma,89,125,165,176
tcia_pat184-hgg-90.jpg,240,240,glioma,97,129,162,177
tcia_pat186-hgg-78.jpg,240,240,glioma,77,85,120,124
tcia_pat186-hgg-86.jpg,240,240,glioma,69,76,129,123
tcia_pat190-hgg-89.jpg,240,240,glioma,122,63,159,103
tcia_pat190-hgg-80.jpg,240,240,glioma,104,68,157,98
tcia_pat190-hgg-94.jpg,240,240,glioma,123,63,161,105
tcia_pat192-hgg-76.jpg,240,240,glioma,94,140,126,163
tcia_pat192-hgg-83.jpg,240,240,glioma,84,131,139,165
tcia_pat192-hgg-84.jpg,240,240,glioma,83,130,142,165
tcia_pat193-hgg-63.jpg,240,240,glioma,94,119,181,179
tcia_pat193-hgg-62.jpg,240,240,glioma,94,123,180,180
tcia_pat193-hgg-61.jpg,240,240,glioma,93,124,174,181
tcia_pat198-hgg-73.jpg,240,240,glioma,72,118,187,181
tcia_pat198-hgg-69.jpg,240,240,glioma,80,120,185,179
tcia_pat199-hgg-69.jpg,240,240,glioma,44,78,116,131
tcia_pat199-hgg-83.jpg,240,240,glioma,40,65,121,137
tcia_pat200-hgg-74.jpg,240,240,glioma,78,57,187,103
tcia_pat200-hgg-81.jpg,240,240,glioma,74,60,189,104
tcia_pat200-hgg-82.jpg,240,240,glioma,74,60,190,104
tcia_pat201-hgg-72.jpg,240,240,glioma,72,129,135,176
tcia_pat201-hgg-76.jpg,240,240,glioma,63,127,138,177
tcia_pat201-hgg-79.jpg,240,240,glioma,62,126,138,177
tcia_pat203-hgg-76.jpg,240,240,glioma,57,78,145,171
tcia_pat203-hgg-67.jpg,240,240,glioma,60,87,149,172
tcia_pat205-hgg-94.jpg,240,240,glioma,107,59,179,107
tcia_pat205-hgg-76.jpg,240,240,glioma,98,52,187,111
tcia_pat208-hgg-77.jpg,240,240,glioma,143,132,177,173
tcia_pat208-hgg-78.jpg,240,240,glioma,143,132,178,173
tcia_pat217-hgg-79.jpg,240,240,glioma,135,56,209,118
tcia_pat218-hgg-78.jpg,240,240,glioma,82,136,143,180
tcia_pat218-hgg-81.jpg,240,240,glioma,79,133,144,179
tcia_pat218-hgg-85.jpg,240,240,glioma,78,129,144,178
tcia_pat218-hgg-67.jpg,240,240,glioma,95,144,132,177
tcia_pat221-hgg-79.jpg,240,240,glioma,106,67,137,99
tcia_pat222-hgg-92.jpg,240,240,glioma,124,134,173,169
tcia_pat226-hgg-94.jpg,240,240,glioma,74,140,147,180
tcia_pat226-hgg-87.jpg,240,240,glioma,84,140,160,184
tcia_pat226-hgg-89.jpg,240,240,glioma,80,138,155,183
tcia_pat226-hgg-86.jpg,240,240,glioma,87,141,165,185
tcia_pat226-hgg-96.jpg,240,240,glioma,74,142,138,179
tcia_pat230-hgg-69.jpg,240,240,glioma,50,72,193,127
tcia_pat230-hgg-65.jpg,240,240,glioma,52,69,194,127
tcia_pat230-hgg-62.jpg,240,240,glioma,54,67,195,128
tcia_pat230-hgg-76.jpg,240,240,glioma,49,66,188,121
tcia_pat231-hgg-78.jpg,240,240,glioma,73,124,136,172
tcia_pat234-hgg-79.jpg,240,240,glioma,123,56,181,107
tcia_pat242-hgg-74.jpg,240,240,glioma,122,120,198,173
tcia_pat242-hgg-67.jpg,240,240,glioma,124,126,195,168
tcia_pat257-hgg-66.jpg,240,240,glioma,118,63,173,95
tcia_pat257-hgg-83.jpg,240,240,glioma,94,54,186,107
tcia_pat258-hgg-75.jpg,240,240,glioma,77,56,178,118
tcia_pat258-hgg-74.jpg,240,240,glioma,77,56,177,118
tcia_pat258-hgg-68.jpg,240,240,glioma,82,57,169,113
tcia_pat260-hgg-75.jpg,240,240,glioma,139,62,191,161
tcia_pat260-hgg-74.jpg,240,240,glioma,139,63,192,161
tcia_pat260-hgg-85.jpg,240,240,glioma,140,58,190,143
tcia_pat265-hgg-85.jpg,240,240,glioma,144,113,206,162
tcia_pat274-hgg-80.jpg,240,240,glioma,52,97,151,173
tcia_pat274-hgg-73.jpg,240,240,glioma,54,106,133,173
tcia_pat277-hgg-72.jpg,240,240,glioma,120,64,198,114
tcia_pat277-hgg-79.jpg,240,240,glioma,84,62,197,115
tcia_pat277-hgg-80.jpg,240,240,glioma,84,62,197,115
tcia_pat277-hgg-70.jpg,240,240,glioma,117,63,197,113
tcia_pat277-hgg-67.jpg,240,240,glioma,114,62,197,111
tcia_pat277-hgg-84.jpg,240,240,glioma,127,63,196,116
tcia_pat278-hgg-86.jpg,240,240,glioma,140,132,177,171
tcia_pat278-hgg-82.jpg,240,240,glioma,131,133,181,171
tcia_pat283-hgg-81.jpg,240,240,glioma,89,78,181,111
tcia_pat290-hgg-74.jpg,240,240,glioma,79,58,204,118
tcia_pat290-hgg-83.jpg,240,240,glioma,77,60,201,133
tcia_pat290-hgg-84.jpg,240,240,glioma,77,60,201,135
tcia_pat290-hgg-67.jpg,240,240,glioma,94,57,205,121
tcia_pat290-hgg-65.jpg,240,240,glioma,122,53,160,92
tcia_pat296-hgg-84.jpg,240,240,glioma,126,120,200,176
tcia_pat296-hgg-87.jpg,240,240,glioma,131,122,200,177
tcia_pat300-hgg-84.jpg,240,240,glioma,114,128,166,177
tcia_pat309-hgg-73.jpg,240,240,glioma,70,122,189,178
tcia_pat309-hgg-77.jpg,240,240,glioma,69,119,187,180
tcia_pat314-hgg-69.jpg,240,240,glioma,78,84,209,168
tcia_pat314-hgg-85.jpg,240,240,glioma,64,92,188,172
tcia_pat319-hgg-74.jpg,240,240,glioma,137,137,175,175
tcia_pat319-hgg-78.jpg,240,240,glioma,140,141,168,174
tcia_pat319-hgg-69.jpg,240,240,glioma,134,136,177,175
tcia_pat319-hgg-81.jpg,240,240,glioma,142,141,164,174
tcia_pat319-hgg-65.jpg,240,240,glioma,128,135,181,175
tcia_pat321-hgg-77.jpg,240,240,glioma,82,121,187,180
tcia_pat321-hgg-76.jpg,240,240,glioma,83,121,191,180
tcia_pat321-hgg-80.jpg,240,240,glioma,81,122,186,181
tcia_pat321-hgg-83.jpg,240,240,glioma,79,128,183,180
tcia_pat321-hgg-70.jpg,240,240,glioma,85,123,195,176
tcia_pat321-hgg-68.jpg,240,240,glioma,88,121,191,176
tcia_pat328-hgg-85.jpg,240,240,glioma,143,136,198,181
tcia_pat331-hgg-83.jpg,240,240,glioma,146,120,205,161
tcia_pat331-hgg-84.jpg,240,240,glioma,147,120,205,161
tcia_pat332-hgg-72.jpg,240,240,glioma,97,53,199,104
tcia_pat335-hgg-73.jpg,240,240,glioma,139,64,201,111
tcia_pat335-hgg-77.jpg,240,240,glioma,139,64,201,111
tcia_pat335-hgg-80.jpg,240,240,glioma,139,63,201,112
tcia_pat338-hgg-63.jpg,240,240,glioma,170,136,198,169
tcia_pat343-hgg-72.jpg,240,240,glioma,102,113,159,160
tcia_pat343-hgg-71.jpg,240,240,glioma,102,113,160,160
tcia_pat343-hgg-69.jpg,240,240,glioma,102,112,161,162
tcia_pat361-hgg-91.jpg,240,240,glioma,110,59,199,111
tcia_pat361-hgg-83.jpg,240,240,glioma,117,59,199,110
tcia_pat361-hgg-82.jpg,240,240,glioma,118,59,199,109
tcia_pat368-hgg-70.jpg,240,240,glioma,133,118,204,179
tcia_pat368-hgg-69.jpg,240,240,glioma,134,119,204,179
tcia_pat368-hgg-78.jpg,240,240,glioma,132,118,203,182
tcia_pat370-hgg-76.jpg,240,240,glioma,133,70,182,93
tcia_pat370-hgg-84.jpg,240,240,glioma,140,70,171,101
tcia_pat370-hgg-70.jpg,240,240,glioma,93,64,188,97
tcia_pat372-hgg-82.jpg,240,240,glioma,68,56,165,130
tcia_pat372-hgg-77.jpg,240,240,glioma,79,56,166,123
tcia_pat372-hgg-78.jpg,240,240,glioma,78,55,166,127
tcia_pat372-hgg-85.jpg,240,240,glioma,64,56,164,130
tcia_pat374-hgg-73.jpg,240,240,glioma,47,72,124,129
tcia_pat374-hgg-71.jpg,240,240,glioma,49,71,124,128
tcia_pat374-hgg-69.jpg,240,240,glioma,49,72,123,129
tcia_pat374-hgg-85.jpg,240,240,glioma,78,70,123,113
tcia_pat374-hgg-104.jpg,240,240,glioma,84,86,113,107
tcia_pat374-hgg-86.jpg,240,240,glioma,54,68,112,101
tcia_pat374-hgg-87.jpg,240,240,glioma,54,67,112,101
tcia_pat375-hgg-81.jpg,240,240,glioma,114,127,173,163
tcia_pat377-hgg-75.jpg,240,240,glioma,129,64,200,151
tcia_pat377-hgg-74.jpg,240,240,glioma,128,64,200,151
tcia_pat377-hgg-78.jpg,240,240,glioma,129,64,200,151
tcia_pat377-hgg-79.jpg,240,240,glioma,127,64,200,151
tcia_pat377-hgg-72.jpg,240,240,glioma,129,64,200,152
tcia_pat378-hgg-74.jpg,240,240,glioma,125,81,177,115
tcia_pat391-hgg-78.jpg,240,240,glioma,146,128,200,174
tcia_pat392-hgg-76.jpg,240,240,glioma,50,67,115,142
tcia_pat392-hgg-70.jpg,240,240,glioma,60,69,110,122
tcia_pat394-hgg-59.jpg,240,240,glioma,87,134,140,180
tcia_pat394-hgg-56.jpg,240,240,glioma,88,132,142,177
tcia_pat396-hgg-74.jpg,240,240,glioma,53,58,191,127
tcia_pat396-hgg-77.jpg,240,240,glioma,53,59,190,126
tcia_pat396-hgg-83.jpg,240,240,glioma,52,60,185,125
tcia_pat399-hgg-77.jpg,240,240,glioma,89,131,189,160
tcia_pat399-hgg-76.jpg,240,240,glioma,83,131,189,172
tcia_pat399-hgg-85.jpg,240,240,glioma,80,130,181,161
tcia_pat399-hgg-74.jpg,240,240,glioma,122,133,191,176
tcia_pat399-hgg-70.jpg,240,240,glioma,86,135,192,175
tcia_pat404-hgg-84.jpg,240,240,glioma,109,117,176,173
tcia_pat404-hgg-93.jpg,240,240,glioma,128,119,180,168
tcia_pat404-hgg-94.jpg,240,240,glioma,128,120,180,168
tcia_pat404-hgg-77.jpg,240,240,glioma,101,116,177,172
tcia_pat406-hgg-68.jpg,240,240,glioma,84,132,175,179
tcia_pat406-hgg-69.jpg,240,240,glioma,82,135,175,179
tcia_pat406-hgg-77.jpg,240,240,glioma,84,136,176,169
tcia_pat406-hgg-78.jpg,240,240,glioma,84,136,175,169
tcia_pat409-hgg-85.jpg,240,240,glioma,86,69,181,126
tcia_pat412-hgg-80.jpg,240,240,glioma,118,60,195,111
tcia_pat412-hgg-90.jpg,240,240,glioma,110,60,197,114
tcia_pat417-hgg-78.jpg,240,240,glioma,70,118,125,167
tcia_pat419-hgg-88.jpg,240,240,glioma,92,121,172,179
tcia_pat424-hgg-93.jpg,240,240,glioma,129,127,196,174
tcia_pat424-hgg-87.jpg,240,240,glioma,124,126,194,177
tcia_pat424-hgg-96.jpg,240,240,glioma,131,129,196,173
tcia_pat424-hgg-86.jpg,240,240,glioma,124,126,197,177
tcia_pat424-hgg-62.jpg,240,240,glioma,133,134,189,180
tcia_pat425-hgg-58.jpg,240,240,glioma,88,143,137,181
tcia_pat429-hgg-74.jpg,240,240,glioma,119,79,181,148
tcia_pat429-hgg-76.jpg,240,240,glioma,118,78,181,148
tcia_pat429-hgg-72.jpg,240,240,glioma,129,79,180,145
tcia_pat429-hgg-70.jpg,240,240,glioma,129,79,179,140
tcia_pat429-hgg-82.jpg,240,240,glioma,115,76,186,141
tcia_pat429-hgg-67.jpg,240,240,glioma,130,78,176,131
tcia_pat430-hgg-77.jpg,240,240,glioma,94,64,149,118
tcia_pat430-hgg-73.jpg,240,240,glioma,98,67,144,117
tcia_pat430-hgg-72.jpg,240,240,glioma,100,67,143,100
tcia_pat432-hgg-79.jpg,240,240,glioma,48,94,130,173
tcia_pat432-hgg-67.jpg,240,240,glioma,53,98,132,167
tcia_pat437-hgg-79.jpg,240,240,glioma,156,155,185,177
tcia_pat439-hgg-85.jpg,240,240,glioma,96,69,201,147
tcia_pat439-hgg-72.jpg,240,240,glioma,94,57,200,144
tcia_pat444-hgg-73.jpg,240,240,glioma,71,107,112,153
tcia_pat444-hgg-75.jpg,240,240,glioma,73,108,111,149
tcia_pat444-hgg-65.jpg,240,240,glioma,67,108,115,161
tcia_pat447-hgg-74.jpg,240,240,glioma,53,85,135,166
tcia_pat447-hgg-87.jpg,240,240,glioma,50,69,138,176
tcia_pat448-hgg-82.jpg,240,240,glioma,99,128,152,169
tcia_pat448-hgg-79.jpg,240,240,glioma,94,113,151,171
tcia_pat448-hgg-77.jpg,240,240,glioma,92,112,150,172
tcia_pat455-hgg-87.jpg,240,240,glioma,81,88,124,117
tcia_pat455-hgg-88.jpg,240,240,glioma,73,87,125,117
tcia_pat455-hgg-94.jpg,240,240,glioma,69,76,138,121
tcia_pat460-hgg-75.jpg,240,240,glioma,107,104,164,157
tcia_pat468-hgg-81.jpg,240,240,glioma,104,62,134,102
tcia_pat468-hgg-86.jpg,240,240,glioma,100,61,150,110
tcia_pat468-hgg-90.jpg,240,240,glioma,100,61,158,118
tcia_pat469-hgg-77.jpg,240,240,glioma,41,103,129,173
tcia_pat469-hgg-80.jpg,240,240,glioma,40,102,129,173
tcia_pat469-hgg-70.jpg,240,240,glioma,45,104,128,173
tcia_pat469-hgg-83.jpg,240,240,glioma,40,102,129,173
tcia_pat471-hgg-82.jpg,240,240,glioma,86,127,175,175
tcia_pat473-hgg-68.jpg,240,240,glioma,99,65,147,104
tcia_pat473-hgg-67.jpg,240,240,glioma,97,65,146,104
tcia_pat474-hgg-84.jpg,240,240,glioma,110,58,199,132
tcia_pat474-hgg-85.jpg,240,240,glioma,110,58,200,132
tcia_pat474-hgg-70.jpg,240,240,glioma,116,69,196,124
tcia_pat478-hgg-72.jpg,240,240,glioma,65,66,134,136
tcia_pat479-hgg-91.jpg,240,240,glioma,65,102,140,154
tcia_pat479-hgg-92.jpg,240,240,glioma,65,102,139,155
tcia_pat479-hgg-97.jpg,240,240,glioma,66,103,139,155
tcia_pat491-hgg-76.jpg,240,240,glioma,80,59,192,159
tcia_pat491-hgg-82.jpg,240,240,glioma,80,58,189,167
tcia_pat498-hgg-82.jpg,240,240,glioma,82,138,186,177
tcia_pat498-hgg-87.jpg,240,240,glioma,91,142,194,174
tcia_pat499-hgg-70.jpg,240,240,glioma,129,138,169,175
tcia_pat499-hgg-72.jpg,240,240,glioma,131,138,167,171
417.jpg,512,512,meningioma,256,203,291,252
1079.jpg,512,512,pituitary tumour,244,219,330,294
449.jpg,512,512,meningioma,228,198,292,251
1757.jpg,512,512,pituitary tumour,324,188,344,222
2843.jpg,512,512,glioma,180,239,265,348
2428.jpg,512,512,glioma,198,203,272,278
1982.jpg,512,512,glioma,273,216,363,325
2588.jpg,512,512,glioma,99,241,142,300
2675.jpg,512,512,glioma,91,174,177,266
1388.jpg,512,512,pituitary tumour,146,231,211,273
1557.jpg,512,512,pituitary tumour,269,239,285,267
824.jpg,512,512,glioma,148,87,290,253
2539.jpg,512,512,glioma,90,156,212,234
2528.jpg,512,512,glioma,122,165,239,265
2280.jpg,512,512,glioma,188,307,278,385
211.jpg,512,512,meningioma,211,268,273,381
312.jpg,512,512,meningioma,274,250,361,352
442.jpg,512,512,meningioma,213,161,307,262
1476.jpg,512,512,pituitary tumour,235,232,259,274
1311.jpg,512,512,pituitary tumour,170,219,233,290
596.jpg,512,512,meningioma,219,132,251,167
2190.jpg,512,512,glioma,228,260,383,387
1001.jpg,512,512,pituitary tumour,203,225,244,281
937.jpg,512,512,pituitary tumour,181,217,247,280
2049.jpg,512,512,glioma,123,260,211,346
686.jpg,512,512,meningioma,301,308,358,369
2282.jpg,512,512,glioma,198,301,289,393
22.jpg,512,512,meningioma,266,231,348,335
2844.jpg,512,512,glioma,208,231,261,333
1544.jpg,512,512,pituitary tumour,237,217,299,285
885.jpg,512,512,glioma,121,152,222,267
800.jpg,512,512,glioma,181,280,233,374
1637.jpg,512,512,pituitary tumour,269,227,361,287
531.jpg,512,512,meningioma,142,372,178,399
237.jpg,512,512,meningioma,304,271,353,340
1919.jpg,512,512,glioma,153,265,284,400
1363.jpg,512,512,pituitary tumour,167,221,232,292
2690.jpg,512,512,glioma,161,144,247,235
1344.jpg,512,512,pituitary tumour,173,239,214,278
1032.jpg,512,512,pituitary tumour,189,209,246,273
2597.jpg,512,512,glioma,87,232,181,300
2911.jpg,512,512,glioma,247,301,317,397
1633.jpg,512,512,pituitary tumour,243,212,361,274
5.jpg,512,512,meningioma,158,284,299,394
1068.jpg,512,512,pituitary tumour,259,227,284,280
1550.jpg,512,512,pituitary tumour,234,225,304,288
891.jpg,512,512,glioma,195,200,252,290
2984.jpg,512,512,glioma,143,194,221,319
2399.jpg,512,512,glioma,221,118,373,242
2894.jpg,512,512,glioma,91,140,210,283
2242.jpg,512,512,glioma,109,246,229,351
1020.jpg,512,512,pituitary tumour,185,216,253,280
1152.jpg,512,512,pituitary tumour,246,227,280,272
598.jpg,512,512,meningioma,195,290,223,323
1170.jpg,512,512,pituitary tumour,215,182,306,240
2591.jpg,512,512,glioma,254,223,332,287
845.jpg,512,512,glioma,152,128,207,180
2866.jpg,512,512,glioma,206,218,255,290
739.jpg,512,512,glioma,227,253,316,321
1095.jpg,512,512,pituitary tumour,239,194,286,257
2170.jpg,512,512,glioma,289,320,340,369
2237.jpg,512,512,glioma,317,327,361,375
742.jpg,512,512,glioma,156,244,338,376
1646.jpg,512,512,pituitary tumour,272,179,329,231
1668.jpg,512,512,pituitary tumour,233,215,282,256
2472.jpg,512,512,glioma,100,283,186,369
2931.jpg,512,512,glioma,157,124,234,190
2437.jpg,512,512,glioma,119,249,226,346
192.jpg,512,512,meningioma,259,150,337,228
1251.jpg,512,512,pituitary tumour,253,221,294,262
877.jpg,512,512,glioma,148,247,247,348
3022.jpg,512,512,glioma,225,186,274,239
1592.jpg,512,512,pituitary tumour,296,215,343,265
655.jpg,512,512,meningioma,159,312,220,367
1560.jpg,512,512,pituitary tumour,253,237,299,290
1033.jpg,512,512,pituitary tumour,188,214,241,271
2494.jpg,512,512,glioma,156,134,215,232
1667.jpg,512,512,pituitary tumour,233,218,278,256
2166.jpg,512,512,glioma,284,349,376,400
844.jpg,512,512,glioma,151,129,201,178
914.jpg,512,512,glioma,209,224,275,320
340.jpg,512,512,meningioma,141,130,166,151
2388.jpg,512,512,glioma,73,153,234,301
1967.jpg,512,512,glioma,186,165,276,256
174.jpg,512,512,meningioma,168,280,243,364
555.jpg,512,512,meningioma,215,281,268,331
519.jpg,512,512,meningioma,65,264,92,300
926.jpg,512,512,pituitary tumour,190,236,228,281
160.jpg,512,512,meningioma,257,249,316,306
276.jpg,512,512,meningioma,151,318,257,397
2616.jpg,512,512,glioma,271,221,295,265
344.jpg,512,512,meningioma,286,176,368,251
990.jpg,512,512,pituitary tumour,198,234,239,292
1564.jpg,512,512,pituitary tumour,314,240,341,287
2802.jpg,512,512,glioma,157,296,264,402
2320.jpg,512,512,glioma,223,257,320,350
1964.jpg,512,512,glioma,182,165,254,239
1920.jpg,512,512,glioma,189,274,284,401
477.jpg,512,512,meningioma,241,355,271,383
603.jpg,512,512,meningioma,133,354,188,412
1204.jpg,256,256,pituitary tumour,141,98,159,118
856.jpg,512,512,glioma,99,225,195,308
2832.jpg,512,512,glioma,203,237,241,290
853.jpg,512,512,glioma,116,228,201,299
1535.jpg,512,512,pituitary tumour,259,227,307,281
2010.jpg,512,512,glioma,121,147,224,255
420.jpg,512,512,meningioma,240,163,332,266
1837.jpg,512,512,pituitary tumour,271,178,356,227
2002.jpg,512,512,glioma,143,273,243,347
1588.jpg,512,512,pituitary tumour,261,204,375,309
1545.jpg,512,512,pituitary tumour,252,228,304,286
1785.jpg,512,512,pituitary tumour,319,193,353,231
548.jpg,512,512,meningioma,260,323,309,371
1312.jpg,512,512,pituitary tumour,173,222,224,290
2953.jpg,512,512,glioma,92,161,135,273
119.jpg,512,512,meningioma,206,124,234,150
1756.jpg,512,512,pituitary tumour,318,188,341,215
605.jpg,512,512,meningioma,123,349,182,410
812.jpg,512,512,glioma,110,168,220,262
756.jpg,512,512,glioma,219,290,283,364
367.jpg,512,512,meningioma,115,197,174,245
2171.jpg,512,512,glioma,284,262,364,357
2470.jpg,512,512,glioma,136,296,183,344
2385.jpg,512,512,glioma,78,160,165,267
1449.jpg,512,512,pituitary tumour,187,231,235,277
945.jpg,512,512,pituitary tumour,184,231,221,263
2204.jpg,512,512,glioma,207,242,292,312
1590.jpg,512,512,pituitary tumour,302,210,350,264
1839.jpg,512,512,pituitary tumour,277,180,347,228
2086.jpg,512,512,glioma,66,175,116,243
1182.jpg,512,512,pituitary tumour,280,186,329,244
7.jpg,512,512,meningioma,184,257,246,314
285.jpg,512,512,meningioma,75,321,107,354
2566.jpg,512,512,glioma,171,282,210,328
1978.jpg,512,512,glioma,283,225,386,341
2334.jpg,512,512,glioma,104,267,174,332
2524.jpg,512,512,glioma,138,187,199,249
422.jpg,512,512,meningioma,247,193,281,254
552.jpg,512,512,meningioma,277,232,368,298
122.jpg,512,512,meningioma,264,167,351,248
38.jpg,512,512,meningioma,178,220,247,288
2857.jpg,512,512,glioma,275,273,308,303
2352.jpg,512,512,glioma,106,262,176,354
1037.jpg,512,512,pituitary tumour,215,212,309,299
858.jpg,512,512,glioma,136,141,242,278
2903.jpg,512,512,glioma,247,214,333,295
2695.jpg,512,512,glioma,124,145,280,260
712.jpg,512,512,pituitary tumour,158,211,210,284
2251.jpg,512,512,glioma,113,245,246,322
1374.jpg,512,512,pituitary tumour,179,233,212,274
2456.jpg,512,512,glioma,151,186,307,356
638.jpg,512,512,meningioma,185,239,273,334
1062.jpg,512,512,pituitary tumour,235,225,286,295
854.jpg,512,512,glioma,121,231,202,304
1559.jpg,512,512,pituitary tumour,256,240,300,287
959.jpg,512,512,pituitary tumour,185,234,230,284
97.jpg,512,512,meningioma,280,279,337,337
476.jpg,512,512,meningioma,241,350,275,385
2632.jpg,512,512,glioma,272,227,335,287
1066.jpg,512,512,pituitary tumour,224,232,274,289
747.jpg,512,512,glioma,127,136,272,274
331.jpg,512,512,meningioma,127,138,224,220
296.jpg,512,512,meningioma,161,173,233,242
2087.jpg,512,512,glioma,162,300,281,386
2649.jpg,512,512,glioma,228,172,266,247
2411.jpg,512,512,glioma,161,129,223,214
1339.jpg,512,512,pituitary tumour,191,236,240,274
147.jpg,512,512,meningioma,140,264,296,401
196.jpg,512,512,meningioma,237,129,372,254
1735.jpg,512,512,pituitary tumour,217,158,301,221
109.jpg,512,512,meningioma,260,124,369,205
1009.jpg,512,512,pituitary tumour,193,221,232,275
1185.jpg,512,512,pituitary tumour,245,172,338,243
405.jpg,512,512,meningioma,108,187,188,269
2390.jpg,512,512,glioma,82,154,210,277
545.jpg,512,512,meningioma,249,314,339,405
2502.jpg,512,512,glioma,189,248,303,348
1326.jpg,512,512,pituitary tumour,198,230,241,277
1263.jpg,512,512,pituitary tumour,277,172,327,215
1421.jpg,512,512,pituitary tumour,195,251,229,297
425.jpg,512,512,meningioma,58,135,174,262
553.jpg,512,512,meningioma,274,218,359,289
1336.jpg,512,512,pituitary tumour,184,227,240,283
2122.jpg,512,512,glioma,300,128,418,250
2928.jpg,512,512,glioma,150,99,244,199
1127.jpg,512,512,pituitary tumour,224,228,290,273
2693.jpg,512,512,glioma,195,178,249,228
1800.jpg,512,512,pituitary tumour,272,194,302,240
1417.jpg,512,512,pituitary tumour,191,233,234,267
495.jpg,512,512,meningioma,190,377,216,411
1587.jpg,512,512,pituitary tumour,256,211,368,293
714.jpg,512,512,pituitary tumour,159,223,219,284
2992.jpg,512,512,glioma,139,209,289,381
2163.jpg,512,512,glioma,261,123,444,236
2520.jpg,512,512,glioma,230,206,361,345
644.jpg,512,512,meningioma,229,215,323,304
831.jpg,512,512,glioma,204,260,265,371
2425.jpg,512,512,glioma,151,278,293,377
1867.jpg,512,512,glioma,237,177,313,243
1687.jpg,512,512,pituitary tumour,228,169,311,226
707.jpg,512,512,meningioma,148,287,271,389
776.jpg,512,512,glioma,105,245,207,343
2303.jpg,512,512,glioma,113,168,211,246
546.jpg,512,512,meningioma,255,312,331,400
2967.jpg,512,512,glioma,184,246,263,364
1617.jpg,512,512,pituitary tumour,248,246,282,293
1145.jpg,512,512,pituitary tumour,263,219,321,277
96.jpg,512,512,meningioma,288,290,334,341
1921.jpg,512,512,glioma,140,271,204,339
2348.jpg,512,512,glioma,229,161,303,235
1717.jpg,512,512,pituitary tumour,221,174,289,237
2216.jpg,512,512,glioma,263,167,353,240
2570.jpg,512,512,glioma,126,267,215,348
2768.jpg,512,512,glioma,165,144,295,407
1834.jpg,512,512,pituitary tumour,242,187,312,238
268.jpg,512,512,meningioma,287,267,343,328
563.jpg,512,512,meningioma,249,268,321,410
1686.jpg,512,512,pituitary tumour,222,170,307,227
2281.jpg,512,512,glioma,183,315,286,391
652.jpg,512,512,meningioma,142,158,244,265
72.jpg,512,512,meningioma,381,234,410,271
3053.jpg,512,512,glioma,121,86,263,228
270.jpg,512,512,meningioma,114,139,195,212
1154.jpg,512,512,pituitary tumour,239,226,290,279
828.jpg,512,512,glioma,120,368,168,403
467.jpg,512,512,meningioma,126,266,217,350
2629.jpg,512,512,glioma,145,231,246,323
2793.jpg,512,512,glioma,211,212,292,287
1477.jpg,512,512,pituitary tumour,233,239,265,275
796.jpg,512,512,glioma,125,115,283,261
2775.jpg,512,512,glioma,226,315,295,403
1884.jpg,512,512,glioma,141,269,209,329
1140.jpg,512,512,pituitary tumour,233,217,270,286
2052.jpg,512,512,glioma,186,196,308,308
1744.jpg,512,512,pituitary tumour,264,209,306,243
1100.jpg,512,512,pituitary tumour,243,229,269,284
1584.jpg,512,512,pituitary tumour,257,229,339,294
277.jpg,512,512,meningioma,145,315,253,393
1844.jpg,512,512,glioma,205,122,269,183
572.jpg,512,512,meningioma,131,168,171,218
2565.jpg,512,512,glioma,180,191,307,365
19.jpg,512,512,meningioma,169,245,202,286
1554.jpg,512,512,pituitary tumour,235,230,284,293
1605.jpg,512,512,pituitary tumour,232,248,257,287
217.jpg,512,512,meningioma,210,291,257,385
2174.jpg,512,512,glioma,244,212,337,284
2676.jpg,512,512,glioma,103,158,202,257
2071.jpg,512,512,glioma,223,287,308,363
1987.jpg,512,512,glioma,179,285,235,332
1882.jpg,512,512,glioma,143,271,211,319
1893.jpg,512,512,glioma,226,209,339,262
1511.jpg,512,512,pituitary tumour,236,232,273,274
2066.jpg,512,512,glioma,203,274,256,345
2816.jpg,512,512,glioma,169,221,236,303
239.jpg,512,512,meningioma,233,200,268,235
2359.jpg,512,512,glioma,88,279,201,379
781.jpg,512,512,glioma,207,280,290,373
562.jpg,512,512,meningioma,223,280,331,403
1594.jpg,512,512,pituitary tumour,249,240,269,276
168.jpg,512,512,meningioma,209,187,273,261
989.jpg,512,512,pituitary tumour,179,237,218,286
1233.jpg,512,512,pituitary tumour,275,212,313,257
1345.jpg,512,512,pituitary tumour,176,235,222,284
2584.jpg,512,512,glioma,126,277,196,331
1808.jpg,512,512,pituitary tumour,297,196,339,242
654.jpg,512,512,meningioma,146,170,223,257
915.jpg,512,512,glioma,188,218,279,380
127.jpg,512,512,meningioma,271,330,321,380
419.jpg,512,512,meningioma,249,171,333,264
1487.jpg,512,512,pituitary tumour,304,235,329,277
1137.jpg,512,512,pituitary tumour,216,229,267,287
2620.jpg,512,512,glioma,139,295,316,407
2337.jpg,512,512,glioma,102,266,185,341
170.jpg,512,512,meningioma,145,282,257,391
701.jpg,512,512,meningioma,89,299,168,394
1874.jpg,512,512,glioma,120,253,257,360
582.jpg,512,512,meningioma,253,282,335,376
202.jpg,512,512,meningioma,176,251,235,308
1734.jpg,512,512,pituitary tumour,219,163,292,219
878.jpg,512,512,glioma,138,242,201,307
474.jpg,512,512,meningioma,293,221,347,289
1098.jpg,512,512,pituitary tumour,233,215,279,265
1996.jpg,512,512,glioma,94,281,170,369
540.jpg,512,512,meningioma,132,182,232,316
1146.jpg,512,512,pituitary tumour,262,220,319,279
2496.jpg,512,512,glioma,187,297,249,335
2670.jpg,512,512,glioma,182,286,303,401
956.jpg,256,256,pituitary tumour,88,112,111,142
3038.jpg,512,512,glioma,141,342,209,394
944.jpg,512,512,pituitary tumour,185,231,226,273
1092.jpg,512,512,pituitary tumour,237,213,295,288
2488.jpg,512,512,glioma,111,132,223,238
3026.jpg,512,512,glioma,198,170,275,264
534.jpg,512,512,meningioma,121,170,203,245
2279.jpg,512,512,glioma,189,305,278,377
1993.jpg,512,512,glioma,90,279,202,368
2755.jpg,512,512,glioma,274,274,308,319
2982.jpg,512,512,glioma,270,283,307,324
589.jpg,512,512,meningioma,213,173,270,263
2067.jpg,512,512,glioma,260,279,345,340
82.jpg,512,512,meningioma,160,330,342,445
459.jpg,512,512,meningioma,138,138,190,190
840.jpg,512,512,glioma,237,128,297,234
1770.jpg,512,512,pituitary tumour,223,164,292,230
1222.jpg,512,512,pituitary tumour,243,215,292,269
73.jpg,512,512,meningioma,172,205,285,303
1060.jpg,512,512,pituitary tumour,242,225,309,295
1650.jpg,512,512,pituitary tumour,270,182,323,226
1779.jpg,512,512,pituitary tumour,272,194,348,245
306.jpg,512,512,meningioma,115,329,259,446
311.jpg,512,512,meningioma,277,254,362,357
685.jpg,512,512,meningioma,56,258,136,362
1752.jpg,512,512,pituitary tumour,249,178,286,218
576.jpg,512,512,meningioma,137,163,206,254
1624.jpg,512,512,pituitary tumour,227,200,347,300
2453.jpg,512,512,glioma,169,214,263,313
1653.jpg,512,512,pituitary tumour,280,195,308,226
346.jpg,512,512,meningioma,283,182,363,286
1702.jpg,512,512,pituitary tumour,246,207,294,233
124.jpg,512,512,meningioma,182,186,290,273
2870.jpg,512,512,glioma,163,152,295,316
2172.jpg,512,512,glioma,292,299,376,365
1731.jpg,512,512,pituitary tumour,213,149,352,256
1013.jpg,512,512,pituitary tumour,200,230,229,285
2592.jpg,512,512,glioma,251,205,327,285
80.jpg,512,512,meningioma,135,344,326,438
2933.jpg,512,512,glioma,174,93,220,178
227.jpg,512,512,meningioma,210,229,236,288
1704.jpg,512,512,pituitary tumour,280,196,333,239
2476.jpg,512,512,glioma,181,206,228,248
541.jpg,512,512,meningioma,118,199,251,350
979.jpg,512,512,pituitary tumour,193,223,239,284
2479.jpg,512,512,glioma,168,187,251,271
1562.jpg,512,512,pituitary tumour,260,236,290,295
2050.jpg,512,512,glioma,143,262,203,335
1574.jpg,512,512,pituitary tumour,226,218,290,275
460.jpg,512,512,meningioma,136,136,191,193
2778.jpg,512,512,glioma,201,307,303,399
2283.jpg,512,512,glioma,194,303,284,398
1860.jpg,512,512,glioma,152,261,288,350
692.jpg,512,512,meningioma,101,177,150,227
675.jpg,512,512,meningioma,243,345,323,409
2202.jpg,512,512,glioma,185,221,306,328
1490.jpg,512,512,pituitary tumour,269,223,314,269
677.jpg,512,512,meningioma,239,336,332,430
2324.jpg,512,512,glioma,77,200,135,242
908.jpg,512,512,glioma,129,103,265,277
620.jpg,512,512,meningioma,240,152,303,219
2569.jpg,512,512,glioma,135,263,222,342
1266.jpg,512,512,pituitary tumour,322,205,339,231
1253.jpg,512,512,pituitary tumour,245,222,297,262
1727.jpg,512,512,pituitary tumour,215,150,357,259
1260.jpg,512,512,pituitary tumour,274,189,320,237
1482.jpg,512,512,pituitary tumour,291,219,323,292
2430.jpg,512,512,glioma,176,184,261,271
818.jpg,512,512,glioma,205,245,250,287
1989.jpg,512,512,glioma,106,265,171,347
1179.jpg,512,512,pituitary tumour,224,184,291,235
819.jpg,512,512,glioma,193,225,252,293
2525.jpg,512,512,glioma,121,178,213,276
1250.jpg,512,512,pituitary tumour,209,197,268,243
172.jpg,512,512,meningioma,147,271,265,392
1241.jpg,512,512,pituitary tumour,230,192,285,231
1351.jpg,512,512,pituitary tumour,220,247,241,276
2346.jpg,512,512,glioma,211,148,323,243
2624.jpg,512,512,glioma,231,262,273,341
2310.jpg,512,512,glioma,230,216,306,277
606.jpg,512,512,meningioma,98,243,145,289
2252.jpg,512,512,glioma,108,247,193,346
762.jpg,512,512,glioma,224,123,273,174
1481.jpg,512,512,pituitary tumour,287,227,319,292
1364.jpg,512,512,pituitary tumour,167,226,232,288
1729.jpg,512,512,pituitary tumour,209,149,360,265
2402.jpg,512,512,glioma,235,158,309,216
290.jpg,512,512,meningioma,109,251,191,335
2687.jpg,512,512,glioma,241,286,270,328
2117.jpg,512,512,glioma,193,169,274,241
2533.jpg,512,512,glioma,60,122,214,237
2248.jpg,512,512,glioma,65,259,138,325
641.jpg,512,512,meningioma,107,356,145,397
1823.jpg,512,512,pituitary tumour,263,184,354,250
1883.jpg,512,512,glioma,139,271,211,330
1575.jpg,512,512,pituitary tumour,222,219,298,281
561.jpg,512,512,meningioma,204,284,360,406
359.jpg,512,512,meningioma,94,190,163,274
1206.jpg,256,256,pituitary tumour,142,99,157,116
2782.jpg,512,512,glioma,226,278,303,342
3000.jpg,512,512,glioma,219,186,310,314
3015.jpg,512,512,glioma,236,199,322,312
2243.jpg,512,512,glioma,115,258,211,332
128.jpg,512,512,meningioma,131,297,237,384
746.jpg,512,512,glioma,181,283,323,379
2598.jpg,512,512,glioma,93,232,168,306
428.jpg,512,512,meningioma,70,143,153,249
BRATS_001-77.jpg,240,240,glioma,71,129,150,176
BRATS_001-81.jpg,240,240,glioma,68,130,149,176
BRATS_002-72.jpg,240,240,glioma,50,87,90,111
BRATS_002-77.jpg,240,240,glioma,47,83,92,118
BRATS_002-84.jpg,240,240,glioma,47,79,95,119
BRATS_003-67.jpg,240,240,glioma,37,123,119,176
BRATS_003-66.jpg,240,240,glioma,38,125,119,176
BRATS_004-73.jpg,240,240,glioma,95,60,145,106
BRATS_004-69.jpg,240,240,glioma,98,62,143,100
BRATS_004-68.jpg,240,240,glioma,99,62,142,100
BRATS_005-72.jpg,240,240,glioma,43,137,97,185
BRATS_005-77.jpg,240,240,glioma,38,138,95,185
BRATS_005-69.jpg,240,240,glioma,40,138,100,180
BRATS_005-84.jpg,240,240,glioma,35,137,98,185
BRATS_006-72.jpg,240,240,glioma,104,71,173,138
BRATS_006-71.jpg,240,240,glioma,106,78,173,137
BRATS_006-67.jpg,240,240,glioma,109,81,172,132
BRATS_007-80.jpg,240,240,glioma,74,99,109,156
BRATS_007-87.jpg,240,240,glioma,70,99,116,156
BRATS_008-76.jpg,240,240,glioma,32,126,137,185
BRATS_008-71.jpg,240,240,glioma,30,126,135,184
BRATS_009-78.jpg,240,240,glioma,92,98,188,170
BRATS_009-79.jpg,240,240,glioma,91,97,188,171
BRATS_009-80.jpg,240,240,glioma,91,97,189,171
BRATS_009-69.jpg,240,240,glioma,96,106,185,170
BRATS_012-98.jpg,240,240,glioma,113,69,142,97
BRATS_014-73.jpg,240,240,glioma,117,62,185,128
BRATS_014-68.jpg,240,240,glioma,112,64,183,124
BRATS_014-78.jpg,240,240,glioma,118,62,186,129
BRATS_014-83.jpg,240,240,glioma,119,63,186,130
BRATS_015-72.jpg,240,240,glioma,112,68,194,155
BRATS_015-77.jpg,240,240,glioma,112,67,197,157
BRATS_016-78.jpg,240,240,glioma,77,58,138,103
BRATS_016-81.jpg,240,240,glioma,79,58,133,100
BRATS_016-83.jpg,240,240,glioma,81,60,131,98
BRATS_017-77.jpg,240,240,glioma,70,126,147,185
BRATS_017-84.jpg,240,240,glioma,75,126,144,176
BRATS_017-86.jpg,240,240,glioma,76,126,141,176
BRATS_017-71.jpg,240,240,glioma,70,131,147,186
BRATS_018-75.jpg,240,240,glioma,90,66,165,124
BRATS_018-83.jpg,240,240,glioma,92,66,166,121
BRATS_018-85.jpg,240,240,glioma,93,66,165,120
BRATS_018-69.jpg,240,240,glioma,89,67,159,119
BRATS_018-68.jpg,240,240,glioma,88,66,159,118
BRATS_019-79.jpg,240,240,glioma,67,56,187,110
BRATS_020-75.jpg,240,240,glioma,51,50,164,125
BRATS_020-79.jpg,240,240,glioma,55,51,165,125
BRATS_020-67.jpg,240,240,glioma,44,48,159,123
BRATS_021-77.jpg,240,240,glioma,92,119,122,150
BRATS_021-63.jpg,240,240,glioma,83,109,129,156
BRATS_022-79.jpg,240,240,glioma,105,61,191,144
BRATS_023-74.jpg,240,240,glioma,75,56,139,101
BRATS_023-69.jpg,240,240,glioma,79,56,143,97
BRATS_023-82.jpg,240,240,glioma,66,54,132,104
BRATS_024-109.jpg,240,240,glioma,118,92,171,120
BRATS_025-74.jpg,240,240,glioma,147,137,185,173
BRATS_025-80.jpg,240,240,glioma,147,142,185,174
BRATS_025-84.jpg,240,240,glioma,147,142,184,173
BRATS_026-76.jpg,240,240,glioma,89,69,146,105
BRATS_027-81.jpg,240,240,glioma,113,65,138,86
BRATS_027-85.jpg,240,240,glioma,105,64,143,100
BRATS_028-67.jpg,240,240,glioma,82,52,143,92
BRATS_029-51.jpg,240,240,glioma,77,143,126,174
BRATS_031-79.jpg,240,240,glioma,129,136,175,177
BRATS_031-80.jpg,240,240,glioma,128,136,174,177
BRATS_032-79.jpg,240,240,glioma,72,62,177,142
BRATS_033-69.jpg,240,240,glioma,34,108,104,173
BRATS_033-85.jpg,240,240,glioma,40,124,100,170
BRATS_034-79.jpg,240,240,glioma,87,109,175,179
BRATS_034-71.jpg,240,240,glioma,81,116,168,176
BRATS_034-70.jpg,240,240,glioma,81,115,167,176
BRATS_035-77.jpg,240,240,glioma,70,141,150,183
BRATS_035-78.jpg,240,240,glioma,70,143,149,182
BRATS_035-79.jpg,240,240,glioma,69,143,148,182
BRATS_035-83.jpg,240,240,glioma,67,143,146,179
BRATS_036-86.jpg,240,240,glioma,111,110,174,172
BRATS_036-78.jpg,240,240,glioma,118,112,167,167
BRATS_037-73.jpg,240,240,glioma,80,121,132,177
BRATS_037-75.jpg,240,240,glioma,82,122,128,174
BRATS_037-72.jpg,240,240,glioma,81,123,134,179
BRATS_037-71.jpg,240,240,glioma,81,122,136,179
BRATS_037-79.jpg,240,240,glioma,86,123,129,165
BRATS_037-83.jpg,240,240,glioma,86,125,127,159
BRATS_038-81.jpg,240,240,glioma,39,105,133,171
BRATS_038-86.jpg,240,240,glioma,36,107,132,172
BRATS_038-90.jpg,240,240,glioma,36,114,131,179
BRATS_038-92.jpg,240,240,glioma,40,116,129,179
BRATS_039-63.jpg,240,240,glioma,85,132,139,180
BRATS_040-88.jpg,240,240,glioma,77,130,138,177
BRATS_045-76.jpg,240,240,glioma,52,123,99,163
BRATS_046-69.jpg,240,240,glioma,83,64,161,118
BRATS_046-68.jpg,240,240,glioma,82,63,161,118
BRATS_047-79.jpg,240,240,glioma,115,99,181,177
BRATS_047-73.jpg,240,240,glioma,110,107,164,174
BRATS_048-73.jpg,240,240,glioma,41,58,133,115
BRATS_048-69.jpg,240,240,glioma,40,59,136,113
BRATS_048-80.jpg,240,240,glioma,48,63,136,116
BRATS_048-64.jpg,240,240,glioma,39,60,137,113
BRATS_049-75.jpg,240,240,glioma,78,73,140,109
BRATS_050-79.jpg,240,240,glioma,65,58,120,106
BRATS_050-72.jpg,240,240,glioma,64,57,125,105
BRATS_050-69.jpg,240,240,glioma,63,57,129,104
BRATS_051-79.jpg,240,240,glioma,43,75,102,119
BRATS_051-75.jpg,240,240,glioma,43,76,100,119
BRATS_051-88.jpg,240,240,glioma,44,73,111,120
BRATS_052-82.jpg,240,240,glioma,96,113,152,169
BRATS_052-90.jpg,240,240,glioma,103,139,141,161
BRATS_053-89.jpg,240,240,glioma,38,122,124,179
BRATS_053-93.jpg,240,240,glioma,38,122,124,179
BRATS_053-85.jpg,240,240,glioma,37,121,125,179
BRATS_054-87.jpg,240,240,glioma,38,123,121,181
BRATS_054-100.jpg,240,240,glioma,40,123,119,177
BRATS_055-88.jpg,240,240,glioma,39,120,125,181
BRATS_055-87.jpg,240,240,glioma,39,116,124,181
BRATS_055-97.jpg,240,240,glioma,39,122,132,180
BRATS_056-82.jpg,240,240,glioma,38,123,122,180
BRATS_058-91.jpg,240,240,glioma,38,96,142,179
BRATS_058-96.jpg,240,240,glioma,40,96,141,178
BRATS_058-101.jpg,240,240,glioma,40,96,139,175
BRATS_059-72.jpg,240,240,glioma,138,112,196,167
BRATS_059-69.jpg,240,240,glioma,136,112,194,168
BRATS_059-80.jpg,240,240,glioma,130,112,196,169
BRATS_059-65.jpg,240,240,glioma,133,110,194,167
BRATS_059-82.jpg,240,240,glioma,128,112,196,169
BRATS_060-71.jpg,240,240,glioma,32,76,101,131
BRATS_060-70.jpg,240,240,glioma,30,74,101,131
BRATS_060-67.jpg,240,240,glioma,29,74,102,130
BRATS_060-85.jpg,240,240,glioma,36,71,95,130
BRATS_061-75.jpg,240,240,glioma,45,82,98,123
BRATS_061-81.jpg,240,240,glioma,39,78,102,126
BRATS_062-66.jpg,240,240,glioma,70,66,147,157
BRATS_063-77.jpg,240,240,glioma,71,62,148,116
BRATS_064-71.jpg,240,240,glioma,52,53,140,111
BRATS_065-79.jpg,240,240,glioma,104,122,171,178
BRATS_065-80.jpg,240,240,glioma,105,122,172,178
BRATS_066-76.jpg,240,240,glioma,35,57,198,130
BRATS_066-74.jpg,240,240,glioma,35,56,197,131
BRATS_066-73.jpg,240,240,glioma,34,56,196,131
BRATS_066-82.jpg,240,240,glioma,35,58,197,124
BRATS_066-72.jpg,240,240,glioma,34,56,195,132
BRATS_066-71.jpg,240,240,glioma,33,56,194,133
BRATS_066-69.jpg,240,240,glioma,33,56,192,132
BRATS_069-78.jpg,240,240,glioma,78,136,165,163
BRATS_069-79.jpg,240,240,glioma,78,135,165,163
BRATS_070-77.jpg,240,240,glioma,78,136,164,165
BRATS_070-79.jpg,240,240,glioma,78,134,164,165
BRATS_070-69.jpg,240,240,glioma,78,132,159,166
BRATS_070-67.jpg,240,240,glioma,78,133,157,176
BRATS_070-84.jpg,240,240,glioma,80,136,165,169
BRATS_071-74.jpg,240,240,glioma,74,137,165,169
BRATS_072-74.jpg,240,240,glioma,76,137,164,171
BRATS_072-83.jpg,240,240,glioma,76,135,165,171
BRATS_072-86.jpg,240,240,glioma,78,135,166,173
BRATS_073-71.jpg,240,240,glioma,72,122,167,179
BRATS_073-79.jpg,240,240,glioma,73,126,167,174
BRATS_073-67.jpg,240,240,glioma,72,122,167,188
BRATS_074-74.jpg,240,240,glioma,56,117,171,182
BRATS_074-78.jpg,240,240,glioma,62,118,173,178
BRATS_074-79.jpg,240,240,glioma,62,118,173,178
BRATS_074-69.jpg,240,240,glioma,56,119,176,187
BRATS_076-84.jpg,240,240,glioma,76,111,172,178
BRATS_076-80.jpg,240,240,glioma,76,110,175,177
BRATS_076-93.jpg,240,240,glioma,79,114,161,179
BRATS_077-66.jpg,240,240,glioma,72,79,142,121
BRATS_078-85.jpg,240,240,glioma,96,146,141,181
BRATS_079-82.jpg,240,240,glioma,68,60,132,113
BRATS_079-85.jpg,240,240,glioma,66,61,120,111
BRATS_080-78.jpg,240,240,glioma,64,105,174,155
BRATS_080-77.jpg,240,240,glioma,63,106,174,155
BRATS_080-79.jpg,240,240,glioma,64,106,176,157
BRATS_080-75.jpg,240,240,glioma,60,109,171,154
BRATS_080-71.jpg,240,240,glioma,57,110,162,151
BRATS_080-70.jpg,240,240,glioma,114,110,162,150
BRATS_080-69.jpg,240,240,glioma,75,113,160,153
BRATS_081-68.jpg,240,240,glioma,79,70,152,128
BRATS_081-67.jpg,240,240,glioma,79,70,153,128
BRATS_082-76.jpg,240,240,glioma,75,62,151,115
BRATS_082-87.jpg,240,240,glioma,77,62,147,111
BRATS_082-88.jpg,240,240,glioma,77,61,147,112
BRATS_082-89.jpg,240,240,glioma,77,62,142,111
BRATS_083-77.jpg,240,240,glioma,121,115,161,153
BRATS_084-89.jpg,240,240,glioma,80,136,117,176
BRATS_084-78.jpg,240,240,glioma,85,142,135,165
BRATS_085-76.jpg,240,240,glioma,113,76,145,99
BRATS_085-80.jpg,240,240,glioma,105,74,154,105
BRATS_085-81.jpg,240,240,glioma,103,74,154,109
BRATS_085-87.jpg,240,240,glioma,92,74,159,111
BRATS_085-88.jpg,240,240,glioma,91,74,159,112
BRATS_087-79.jpg,240,240,glioma,109,70,157,110
BRATS_087-80.jpg,240,240,glioma,108,70,158,110
BRATS_087-65.jpg,240,240,glioma,114,83,153,161
BRATS_087-63.jpg,240,240,glioma,113,85,153,161
BRATS_088-82.jpg,240,240,glioma,52,60,177,119
BRATS_089-73.jpg,240,240,glioma,121,106,197,172
BRATS_089-71.jpg,240,240,glioma,122,107,196,171
BRATS_089-70.jpg,240,240,glioma,122,107,196,162
BRATS_089-64.jpg,240,240,glioma,127,110,191,167
BRATS_090-74.jpg,240,240,glioma,52,136,161,182
BRATS_090-71.jpg,240,240,glioma,53,138,159,183
BRATS_091-80.jpg,240,240,glioma,100,62,178,118
BRATS_091-81.jpg,240,240,glioma,100,61,179,124
BRATS_092-73.jpg,240,240,glioma,87,114,180,171
BRATS_092-71.jpg,240,240,glioma,82,114,178,171
BRATS_093-80.jpg,240,240,glioma,110,67,182,161
BRATS_094-84.jpg,240,240,glioma,54,127,140,186
BRATS_094-83.jpg,240,240,glioma,54,125,140,187
BRATS_094-88.jpg,240,240,glioma,56,129,138,184
BRATS_094-89.jpg,240,240,glioma,56,129,137,184
BRATS_094-92.jpg,240,240,glioma,58,130,133,181
BRATS_094-94.jpg,240,240,glioma,60,132,132,180
BRATS_095-77.jpg,240,240,glioma,62,66,96,107
BRATS_095-82.jpg,240,240,glioma,59,60,99,107
BRATS_096-75.jpg,240,240,glioma,75,72,139,111
BRATS_096-65.jpg,240,240,glioma,75,70,142,114
BRATS_096-80.jpg,240,240,glioma,77,74,133,110
BRATS_097-71.jpg,240,240,glioma,29,122,107,185
BRATS_097-73.jpg,240,240,glioma,29,122,107,185
BRATS_097-69.jpg,240,240,glioma,29,122,108,185
BRATS_097-76.jpg,240,240,glioma,30,122,105,184
BRATS_097-79.jpg,240,240,glioma,30,121,104,183
BRATS_097-81.jpg,240,240,glioma,31,121,103,183
BRATS_097-83.jpg,240,240,glioma,33,120,102,181
BRATS_098-76.jpg,240,240,glioma,97,59,155,103
BRATS_098-80.jpg,240,240,glioma,96,58,159,105
BRATS_098-83.jpg,240,240,glioma,95,60,161,108
BRATS_098-86.jpg,240,240,glioma,95,60,161,110
BRATS_099-78.jpg,240,240,glioma,104,140,133,171
BRATS_099-82.jpg,240,240,glioma,100,139,133,173
BRATS_100-98.jpg,240,240,glioma,60,70,128,107
BRATS_101-91.jpg,240,240,glioma,67,70,115,105
BRATS_102-88.jpg,240,240,glioma,100,62,156,99
BRATS_102-83.jpg,240,240,glioma,95,61,149,99
BRATS_102-82.jpg,240,240,glioma,96,61,147,101
BRATS_103-86.jpg,240,240,glioma,74,54,152,98
BRATS_105-71.jpg,240,240,glioma,55,139,163,175
BRATS_105-70.jpg,240,240,glioma,55,139,163,182
BRATS_105-69.jpg,240,240,glioma,54,138,162,182
BRATS_105-66.jpg,240,240,glioma,53,134,161,183
BRATS_105-79.jpg,240,240,glioma,64,136,165,167
BRATS_105-64.jpg,240,240,glioma,51,134,160,183
BRATS_107-70.jpg,240,240,glioma,48,114,180,167
BRATS_107-76.jpg,240,240,glioma,53,116,167,173
BRATS_107-68.jpg,240,240,glioma,47,116,179,179
BRATS_108-74.jpg,240,240,glioma,49,115,190,172
BRATS_108-67.jpg,240,240,glioma,45,112,188,169
BRATS_109-81.jpg,240,240,glioma,101,66,167,115
BRATS_109-73.jpg,240,240,glioma,105,67,149,113
BRATS_109-72.jpg,240,240,glioma,106,68,149,113
BRATS_109-71.jpg,240,240,glioma,107,68,148,112
BRATS_110-66.jpg,240,240,glioma,63,134,101,176
BRATS_110-77.jpg,240,240,glioma,59,132,115,182
BRATS_111-72.jpg,240,240,glioma,58,57,117,103
BRATS_112-73.jpg,240,240,glioma,62,58,151,121
BRATS_112-67.jpg,240,240,glioma,62,57,151,124
BRATS_113-78.jpg,240,240,glioma,41,64,120,121
BRATS_113-79.jpg,240,240,glioma,42,64,121,121
BRATS_113-81.jpg,240,240,glioma,44,64,122,121
BRATS_113-82.jpg,240,240,glioma,44,63,122,121
BRATS_114-67.jpg,240,240,glioma,89,64,142,107
BRATS_114-64.jpg,240,240,glioma,84,64,144,107
BRATS_114-60.jpg,240,240,glioma,80,63,148,107
BRATS_114-56.jpg,240,240,glioma,70,63,148,113
BRATS_115-74.jpg,240,240,glioma,104,63,151,105
BRATS_115-75.jpg,240,240,glioma,104,63,150,104
BRATS_115-79.jpg,240,240,glioma,109,65,150,99
BRATS_115-65.jpg,240,240,glioma,84,61,155,127
BRATS_116-75.jpg,240,240,glioma,53,120,153,182
BRATS_117-78.jpg,240,240,glioma,49,71,179,145
BRATS_117-75.jpg,240,240,glioma,47,67,176,137
BRATS_117-74.jpg,240,240,glioma,46,67,175,137
BRATS_117-87.jpg,240,240,glioma,54,81,178,148
BRATS_119-64.jpg,240,240,glioma,74,138,116,183
BRATS_120-83.jpg,240,240,glioma,49,134,91,178
BRATS_121-76.jpg,240,240,glioma,57,143,96,173
BRATS_121-79.jpg,240,240,glioma,57,138,96,177
BRATS_122-83.jpg,240,240,glioma,52,135,100,179
BRATS_123-74.jpg,240,240,glioma,43,61,161,170
BRATS_123-78.jpg,240,240,glioma,45,62,167,173
BRATS_124-78.jpg,240,240,glioma,39,96,106,179
BRATS_124-80.jpg,240,240,glioma,39,98,106,181
BRATS_125-78.jpg,240,240,glioma,51,80,99,178
BRATS_125-71.jpg,240,240,glioma,47,76,100,173
BRATS_125-81.jpg,240,240,glioma,49,96,98,180
BRATS_125-86.jpg,240,240,glioma,49,96,99,182
BRATS_126-78.jpg,240,240,glioma,101,107,181,178
BRATS_126-69.jpg,240,240,glioma,115,123,173,175
BRATS_127-89.jpg,240,240,glioma,34,78,95,122
BRATS_127-91.jpg,240,240,glioma,35,78,95,122
BRATS_127-96.jpg,240,240,glioma,39,81,95,112
BRATS_128-82.jpg,240,240,glioma,142,91,180,118
BRATS_129-83.jpg,240,240,glioma,87,64,187,143
BRATS_129-69.jpg,240,240,glioma,108,66,184,131
BRATS_130-80.jpg,240,240,glioma,130,105,193,152
BRATS_131-72.jpg,240,240,glioma,41,125,119,175
BRATS_131-71.jpg,240,240,glioma,41,126,121,175
BRATS_132-87.jpg,240,240,glioma,65,70,97,107
BRATS_132-81.jpg,240,240,glioma,57,67,113,107
BRATS_132-80.jpg,240,240,glioma,56,66,118,108
BRATS_133-67.jpg,240,240,glioma,74,58,133,99
BRATS_134-69.jpg,240,240,glioma,60,64,139,97
BRATS_135-84.jpg,240,240,glioma,70,78,194,135
BRATS_136-81.jpg,240,240,glioma,58,128,150,161
BRATS_136-77.jpg,240,240,glioma,57,128,149,165
BRATS_136-88.jpg,240,240,glioma,65,128,150,162
BRATS_137-76.jpg,240,240,glioma,68,80,150,183
BRATS_137-77.jpg,240,240,glioma,69,121,150,183
BRATS_138-66.jpg,240,240,glioma,82,146,120,184
BRATS_138-65.jpg,240,240,glioma,79,147,117,186
BRATS_139-75.jpg,240,240,glioma,55,131,125,183
BRATS_139-71.jpg,240,240,glioma,48,130,134,184
BRATS_139-80.jpg,240,240,glioma,56,134,124,179
BRATS_140-77.jpg,240,240,glioma,36,127,139,174
BRATS_140-83.jpg,240,240,glioma,39,116,158,176
BRATS_140-68.jpg,240,240,glioma,36,118,143,182
BRATS_140-86.jpg,240,240,glioma,41,117,157,175
BRATS_141-72.jpg,240,240,glioma,36,121,156,181
BRATS_141-79.jpg,240,240,glioma,36,109,162,178
BRATS_142-83.jpg,240,240,glioma,39,63,113,121
BRATS_142-75.jpg,240,240,glioma,39,61,120,130
BRATS_142-73.jpg,240,240,glioma,37,60,122,131
BRATS_143-83.jpg,240,240,glioma,71,128,148,183
BRATS_143-86.jpg,240,240,glioma,72,125,146,183
BRATS_144-89.jpg,240,240,glioma,66,130,102,156
BRATS_145-81.jpg,240,240,glioma,72,58,128,109
BRATS_145-71.jpg,240,240,glioma,68,55,140,105
BRATS_148-79.jpg,240,240,glioma,70,58,139,97
BRATS_149-68.jpg,240,240,glioma,70,56,151,117
BRATS_149-83.jpg,240,240,glioma,69,58,160,132
BRATS_149-66.jpg,240,240,glioma,72,56,135,107
BRATS_150-75.jpg,240,240,glioma,61,60,158,121
BRATS_151-73.jpg,240,240,glioma,53,61,161,117
BRATS_152-72.jpg,240,240,glioma,50,61,167,107
BRATS_152-71.jpg,240,240,glioma,50,61,164,107
BRATS_152-78.jpg,240,240,glioma,53,59,171,119
BRATS_152-81.jpg,240,240,glioma,55,59,172,139
BRATS_152-66.jpg,240,240,glioma,51,57,161,110
BRATS_154-71.jpg,240,240,glioma,57,88,145,118
BRATS_154-78.jpg,240,240,glioma,60,74,158,117
BRATS_154-68.jpg,240,240,glioma,55,86,95,118
BRATS_154-67.jpg,240,240,glioma,55,85,97,118
BRATS_155-69.jpg,240,240,glioma,48,66,171,129
BRATS_156-66.jpg,240,240,glioma,28,66,140,155
BRATS_157-78.jpg,240,240,glioma,51,70,172,151
BRATS_157-68.jpg,240,240,glioma,30,76,157,155
BRATS_158-76.jpg,240,240,glioma,67,65,102,101
BRATS_158-68.jpg,240,240,glioma,61,64,108,103
BRATS_159-84.jpg,240,240,glioma,58,60,160,111
BRATS_159-69.jpg,240,240,glioma,43,63,152,117
BRATS_159-86.jpg,240,240,glioma,60,62,160,111
BRATS_162-79.jpg,240,240,glioma,38,56,104,105
BRATS_162-73.jpg,240,240,glioma,37,54,106,107
BRATS_162-69.jpg,240,240,glioma,36,54,108,108
BRATS_162-86.jpg,240,240,glioma,42,58,96,102
BRATS_163-74.jpg,240,240,glioma,67,130,111,157
BRATS_163-68.jpg,240,240,glioma,71,80,137,163
BRATS_164-82.jpg,240,240,glioma,34,78,93,120
BRATS_164-78.jpg,240,240,glioma,33,76,95,120
BRATS_164-76.jpg,240,240,glioma,33,75,95,121
BRATS_164-74.jpg,240,240,glioma,32,74,95,121
BRATS_164-71.jpg,240,240,glioma,32,73,95,120
BRATS_165-76.jpg,240,240,glioma,40,114,140,182
BRATS_165-78.jpg,240,240,glioma,40,114,138,179
BRATS_165-74.jpg,240,240,glioma,40,114,141,185
BRATS_166-73.jpg,240,240,glioma,38,128,100,175
BRATS_167-66.jpg,240,240,glioma,42,74,67,104
BRATS_167-62.jpg,240,240,glioma,40,69,70,103
BRATS_167-57.jpg,240,240,glioma,40,68,74,102
BRATS_168-73.jpg,240,240,glioma,80,80,137,125
BRATS_169-74.jpg,240,240,glioma,82,57,137,101
BRATS_169-83.jpg,240,240,glioma,73,57,141,111
BRATS_170-83.jpg,240,240,glioma,86,75,170,134
BRATS_171-57.jpg,240,240,glioma,72,56,108,81
BRATS_172-85.jpg,240,240,glioma,39,129,124,180
BRATS_172-81.jpg,240,240,glioma,41,130,117,180
BRATS_172-95.jpg,240,240,glioma,46,128,129,180
BRATS_173-75.jpg,240,240,glioma,34,58,107,122
BRATS_173-68.jpg,240,240,glioma,35,60,105,120
BRATS_174-78.jpg,240,240,glioma,78,132,146,183
BRATS_174-79.jpg,240,240,glioma,79,114,145,182
BRATS_174-71.jpg,240,240,glioma,73,130,146,185
BRATS_174-85.jpg,240,240,glioma,85,114,138,173
BRATS_174-86.jpg,240,240,glioma,86,114,136,169
BRATS_180-78.jpg,240,240,glioma,58,140,104,171
BRATS_180-73.jpg,240,240,glioma,53,144,116,171
BRATS_180-70.jpg,240,240,glioma,51,142,146,175
BRATS_181-78.jpg,240,240,glioma,73,112,161,184
BRATS_181-90.jpg,240,240,glioma,73,108,181,183
BRATS_182-74.jpg,240,240,glioma,115,110,192,167
BRATS_182-72.jpg,240,240,glioma,115,110,192,167
BRATS_187-78.jpg,240,240,glioma,122,122,195,152
BRATS_188-89.jpg,240,240,glioma,126,136,185,172
BRATS_188-90.jpg,240,240,glioma,125,136,185,172
BRATS_190-86.jpg,240,240,glioma,71,78,119,113
BRATS_191-81.jpg,240,240,glioma,43,123,143,183
BRATS_191-82.jpg,240,240,glioma,43,124,142,183
BRATS_192-74.jpg,240,240,glioma,39,88,111,175
BRATS_192-84.jpg,240,240,glioma,39,90,121,171
BRATS_193-73.jpg,240,240,glioma,61,127,114,158
BRATS_193-78.jpg,240,240,glioma,52,120,114,162
BRATS_194-84.jpg,240,240,glioma,122,84,188,136
BRATS_194-85.jpg,240,240,glioma,120,84,188,137
BRATS_195-75.jpg,240,240,glioma,70,58,142,106
BRATS_196-66.jpg,240,240,glioma,31,60,105,122
BRATS_197-78.jpg,240,240,glioma,122,96,186,173
BRATS_197-74.jpg,240,240,glioma,125,118,183,172
BRATS_197-70.jpg,240,240,glioma,129,117,179,170
BRATS_198-85.jpg,240,240,glioma,114,97,197,167
BRATS_198-89.jpg,240,240,glioma,98,96,197,167
BRATS_199-58.jpg,240,240,glioma,99,60,151,107
BRATS_200-69.jpg,240,240,glioma,78,108,164,181
BRATS_200-82.jpg,240,240,glioma,81,115,167,181
BRATS_201-74.jpg,240,240,glioma,76,117,175,183
BRATS_201-77.jpg,240,240,glioma,63,118,175,182
BRATS_201-71.jpg,240,240,glioma,81,117,175,184
BRATS_201-66.jpg,240,240,glioma,82,120,179,184
BRATS_202-74.jpg,240,240,glioma,72,109,173,184
BRATS_204-78.jpg,240,240,glioma,90,126,172,181
BRATS_204-80.jpg,240,240,glioma,94,127,172,180
BRATS_204-82.jpg,240,240,glioma,94,129,173,177
BRATS_204-66.jpg,240,240,glioma,73,126,164,183
BRATS_204-85.jpg,240,240,glioma,98,130,172,159
BRATS_205-73.jpg,240,240,glioma,88,116,174,183
BRATS_205-76.jpg,240,240,glioma,89,114,175,182
BRATS_205-69.jpg,240,240,glioma,90,120,171,184
BRATS_206-80.jpg,240,240,glioma,49,114,186,180
BRATS_208-76.jpg,240,240,glioma,86,61,141,94
BRATS_210-77.jpg,240,240,glioma,67,63,150,98
BRATS_212-73.jpg,240,240,glioma,49,63,125,102
BRATS_212-87.jpg,240,240,glioma,61,80,156,106
BRATS_212-71.jpg,240,240,glioma,49,63,127,103
BRATS_212-70.jpg,240,240,glioma,48,63,133,103
BRATS_213-77.jpg,240,240,glioma,50,78,156,108
BRATS_213-84.jpg,240,240,glioma,58,76,157,100
BRATS_213-71.jpg,240,240,glioma,48,63,129,102
BRATS_214-74.jpg,240,240,glioma,48,63,117,106
BRATS_214-73.jpg,240,240,glioma,48,63,125,104
BRATS_214-72.jpg,240,240,glioma,48,63,125,104
BRATS_215-80.jpg,240,240,glioma,54,79,158,108
BRATS_215-88.jpg,240,240,glioma,60,77,157,107
BRATS_215-89.jpg,240,240,glioma,61,77,156,108
BRATS_217-72.jpg,240,240,glioma,56,123,160,186
BRATS_217-78.jpg,240,240,glioma,53,123,156,184
BRATS_217-82.jpg,240,240,glioma,52,120,154,185
BRATS_218-71.jpg,240,240,glioma,41,126,108,176
BRATS_218-80.jpg,240,240,glioma,35,123,110,177
BRATS_218-81.jpg,240,240,glioma,35,123,111,177
BRATS_218-82.jpg,240,240,glioma,35,123,110,177
BRATS_218-66.jpg,240,240,glioma,43,131,106,171
BRATS_219-89.jpg,240,240,glioma,58,72,112,119
BRATS_219-91.jpg,240,240,glioma,58,72,112,119
BRATS_219-79.jpg,240,240,glioma,63,67,138,122
BRATS_219-77.jpg,240,240,glioma,62,67,138,123
BRATS_220-71.jpg,240,240,glioma,63,61,157,103
BRATS_221-66.jpg,240,240,glioma,76,140,125,182
BRATS_221-61.jpg,240,240,glioma,71,141,130,186
BRATS_221-60.jpg,240,240,glioma,70,141,131,186
BRATS_222-75.jpg,240,240,glioma,64,123,149,161
BRATS_222-87.jpg,240,240,glioma,58,113,153,170
BRATS_223-81.jpg,240,240,glioma,64,76,193,179
BRATS_223-86.jpg,240,240,glioma,71,76,193,180
BRATS_223-87.jpg,240,240,glioma,71,77,193,180
BRATS_224-67.jpg,240,240,glioma,73,113,148,156
BRATS_224-64.jpg,240,240,glioma,67,112,148,158
BRATS_224-61.jpg,240,240,glioma,66,129,109,159
BRATS_224-60.jpg,240,240,glioma,66,128,109,159
BRATS_226-65.jpg,240,240,glioma,54,84,97,160
BRATS_227-77.jpg,240,240,glioma,107,71,153,108
BRATS_227-73.jpg,240,240,glioma,107,74,151,107
BRATS_227-82.jpg,240,240,glioma,105,70,163,131
BRATS_228-79.jpg,240,240,glioma,114,72,170,121
BRATS_228-84.jpg,240,240,glioma,111,70,168,136
BRATS_229-71.jpg,240,240,glioma,64,58,153,118
BRATS_229-86.jpg,240,240,glioma,66,60,148,119
BRATS_229-70.jpg,240,240,glioma,64,59,153,120
BRATS_230-99.jpg,240,240,glioma,127,97,186,121
BRATS_231-93.jpg,240,240,glioma,43,65,110,112
BRATS_231-62.jpg,240,240,glioma,50,59,106,105
BRATS_231-63.jpg,240,240,glioma,42,59,109,106
BRATS_232-53.jpg,240,240,glioma,100,58,151,98
BRATS_233-75.jpg,240,240,glioma,107,62,150,98
BRATS_233-71.jpg,240,240,glioma,109,62,148,96
BRATS_233-70.jpg,240,240,glioma,111,63,147,95
BRATS_233-86.jpg,240,240,glioma,104,61,150,102
BRATS_234-78.jpg,240,240,glioma,55,91,122,163
BRATS_235-83.jpg,240,240,glioma,80,119,147,175
BRATS_235-88.jpg,240,240,glioma,79,122,147,175
BRATS_236-81.jpg,240,240,glioma,109,66,191,146
BRATS_236-82.jpg,240,240,glioma,109,66,190,146
BRATS_237-78.jpg,240,240,glioma,130,105,190,170
BRATS_237-81.jpg,240,240,glioma,130,100,190,171
BRATS_237-84.jpg,240,240,glioma,130,100,191,170
BRATS_237-85.jpg,240,240,glioma,129,102,191,170
BRATS_239-89.jpg,240,240,glioma,40,120,102,171
BRATS_240-70.jpg,240,240,glioma,35,101,147,182
BRATS_241-77.jpg,240,240,glioma,42,122,147,172
BRATS_241-83.jpg,240,240,glioma,40,124,97,167
BRATS_241-72.jpg,240,240,glioma,42,122,145,181
BRATS_243-68.jpg,240,240,glioma,83,141,146,186
BRATS_243-64.jpg,240,240,glioma,83,141,145,187
BRATS_244-66.jpg,240,240,glioma,113,67,185,135
BRATS_244-65.jpg,240,240,glioma,113,67,185,135
BRATS_245-68.jpg,240,240,glioma,117,75,174,134
BRATS_245-75.jpg,240,240,glioma,124,82,166,133
BRATS_245-76.jpg,240,240,glioma,125,87,162,133
BRATS_245-77.jpg,240,240,glioma,126,88,161,133
BRATS_246-70.jpg,240,240,glioma,116,74,172,133
BRATS_246-76.jpg,240,240,glioma,126,86,164,132
BRATS_248-70.jpg,240,240,glioma,124,82,169,132
BRATS_249-83.jpg,240,240,glioma,82,83,190,183
BRATS_250-86.jpg,240,240,glioma,109,64,187,126
BRATS_251-77.jpg,240,240,glioma,104,67,187,154
BRATS_251-84.jpg,240,240,glioma,102,62,190,153
BRATS_252-76.jpg,240,240,glioma,90,67,148,129
BRATS_254-74.jpg,240,240,glioma,92,70,154,171
BRATS_254-67.jpg,240,240,glioma,92,72,153,170
BRATS_255-87.jpg,240,240,glioma,115,122,158,151
BRATS_255-91.jpg,240,240,glioma,107,120,169,160
BRATS_255-92.jpg,240,240,glioma,105,120,169,162
BRATS_256-79.jpg,240,240,glioma,75,83,134,136
BRATS_256-78.jpg,240,240,glioma,76,82,134,136
BRATS_256-77.jpg,240,240,glioma,75,83,134,135
BRATS_256-84.jpg,240,240,glioma,73,84,134,135
BRATS_256-89.jpg,240,240,glioma,71,84,135,135
BRATS_256-91.jpg,240,240,glioma,69,84,135,135
BRATS_257-68.jpg,240,240,glioma,75,134,150,166
BRATS_258-69.jpg,240,240,glioma,67,127,135,155
BRATS_259-95.jpg,240,240,glioma,95,94,132,117
BRATS_259-98.jpg,240,240,glioma,71,93,136,121
BRATS_260-80.jpg,240,240,glioma,107,138,134,176
BRATS_260-84.jpg,240,240,glioma,91,130,137,177
BRATS_260-89.jpg,240,240,glioma,83,121,139,179
BRATS_260-96.jpg,240,240,glioma,77,122,141,179
BRATS_261-75.jpg,240,240,glioma,110,66,197,137
BRATS_261-76.jpg,240,240,glioma,110,66,197,137
BRATS_261-80.jpg,240,240,glioma,110,66,199,137
BRATS_261-68.jpg,240,240,glioma,111,66,192,134
BRATS_262-74.jpg,240,240,glioma,57,54,96,87
BRATS_262-81.jpg,240,240,glioma,60,54,94,87
BRATS_265-80.jpg,240,240,glioma,41,108,127,181
BRATS_265-79.jpg,240,240,glioma,41,108,128,181
BRATS_265-70.jpg,240,240,glioma,43,115,123,170
BRATS_265-87.jpg,240,240,glioma,38,107,131,181
BRATS_265-69.jpg,240,240,glioma,44,117,122,170
BRATS_266-68.jpg,240,240,glioma,107,104,172,172
BRATS_266-77.jpg,240,240,glioma,102,101,177,173
BRATS_266-79.jpg,240,240,glioma,101,101,179,173
BRATS_267-87.jpg,240,240,glioma,102,87,172,134
BRATS_267-88.jpg,240,240,glioma,102,87,173,133
BRATS_267-95.jpg,240,240,glioma,101,84,173,137
BRATS_267-96.jpg,240,240,glioma,100,84,173,135
BRATS_267-97.jpg,240,240,glioma,100,84,173,136
BRATS_268-75.jpg,240,240,glioma,56,96,182,180
BRATS_269-69.jpg,240,240,glioma,66,118,182,180
BRATS_269-81.jpg,240,240,glioma,68,122,187,171
BRATS_270-78.jpg,240,240,glioma,116,74,175,137
BRATS_270-70.jpg,240,240,glioma,126,88,165,134
BRATS_271-74.jpg,240,240,glioma,46,81,158,183
BRATS_271-69.jpg,240,240,glioma,42,86,147,185
BRATS_271-67.jpg,240,240,glioma,42,86,148,186
BRATS_272-80.jpg,240,240,glioma,42,125,111,177
BRATS_272-82.jpg,240,240,glioma,42,124,113,177
BRATS_272-76.jpg,240,240,glioma,41,130,102,177
BRATS_272-85.jpg,240,240,glioma,43,123,112,178
BRATS_272-73.jpg,240,240,glioma,41,126,101,179
BRATS_272-86.jpg,240,240,glioma,43,123,112,177
BRATS_272-87.jpg,240,240,glioma,44,123,113,178
BRATS_274-67.jpg,240,240,glioma,68,60,113,102
BRATS_275-81.jpg,240,240,glioma,68,130,149,176
BRATS_275-82.jpg,240,240,glioma,68,130,148,179
BRATS_275-83.jpg,240,240,glioma,68,130,147,179
BRATS_277-74.jpg,240,240,glioma,93,107,188,173
BRATS_277-71.jpg,240,240,glioma,97,107,186,171
BRATS_277-80.jpg,240,240,glioma,91,97,189,171
BRATS_277-84.jpg,240,240,glioma,90,97,189,173
BRATS_278-88.jpg,240,240,glioma,50,67,88,105
BRATS_279-74.jpg,240,240,glioma,31,126,137,186
BRATS_279-77.jpg,240,240,glioma,33,126,137,184
BRATS_279-78.jpg,240,240,glioma,35,126,135,184
BRATS_279-71.jpg,240,240,glioma,30,126,135,184
BRATS_279-68.jpg,240,240,glioma,30,126,134,184
BRATS_279-67.jpg,240,240,glioma,31,125,134,186
BRATS_280-71.jpg,240,240,glioma,112,69,194,154
BRATS_280-76.jpg,240,240,glioma,113,67,196,157
BRATS_281-76.jpg,240,240,glioma,39,100,121,176
BRATS_281-81.jpg,240,240,glioma,39,88,118,178
BRATS_281-68.jpg,240,240,glioma,38,107,121,176
BRATS_281-85.jpg,240,240,glioma,40,82,120,178
BRATS_282-82.jpg,240,240,glioma,37,138,96,183
BRATS_283-70.jpg,240,240,glioma,107,78,172,135
BRATS_284-67.jpg,240,240,glioma,98,62,142,98
BRATS_285-81.jpg,240,240,glioma,58,51,165,125
BRATS_286-76.jpg,240,240,glioma,117,62,186,128
BRATS_286-81.jpg,240,240,glioma,118,63,186,130
BRATS_287-99.jpg,240,240,glioma,113,68,143,99
BRATS_287-105.jpg,240,240,glioma,112,65,146,97
BRATS_287-107.jpg,240,240,glioma,113,66,147,96
BRATS_288-99.jpg,240,240,glioma,86,135,111,159
BRATS_288-101.jpg,240,240,glioma,85,134,111,160
BRATS_288-106.jpg,240,240,glioma,83,133,112,161
BRATS_289-75.jpg,240,240,glioma,77,58,142,104
BRATS_289-79.jpg,240,240,glioma,78,57,136,101
BRATS_289-68.jpg,240,240,glioma,78,56,145,105
BRATS_290-80.jpg,240,240,glioma,74,99,109,156
BRATS_290-85.jpg,240,240,glioma,70,98,115,156
BRATS_292-70.jpg,240,240,glioma,56,53,175,110
BRATS_292-76.jpg,240,240,glioma,57,56,187,111
BRATS_292-83.jpg,240,240,glioma,79,60,189,110
BRATS_293-72.jpg,240,240,glioma,50,87,90,111
BRATS_293-73.jpg,240,240,glioma,50,87,89,112
BRATS_293-76.jpg,240,240,glioma,48,84,91,118
BRATS_293-81.jpg,240,240,glioma,47,81,90,118
BRATS_293-86.jpg,240,240,glioma,45,79,95,119
BRATS_294-83.jpg,240,240,glioma,100,79,155,127
BRATS_294-87.jpg,240,240,glioma,95,76,161,130
BRATS_295-77.jpg,240,240,glioma,57,106,161,181
BRATS_295-70.jpg,240,240,glioma,54,103,159,187
BRATS_295-84.jpg,240,240,glioma,63,96,162,180
BRATS_296-69.jpg,240,240,glioma,71,141,153,183
BRATS_296-63.jpg,240,240,glioma,70,131,154,180
BRATS_297-87.jpg,240,240,glioma,64,65,106,111
BRATS_297-90.jpg,240,240,glioma,65,73,106,111
BRATS_298-72.jpg,240,240,glioma,47,59,107,106
BRATS_299-96.jpg,240,240,glioma,52,65,93,92
BRATS_300-74.jpg,240,240,glioma,111,69,184,127
BRATS_300-71.jpg,240,240,glioma,113,69,181,121
BRATS_300-79.jpg,240,240,glioma,106,68,186,133
BRATS_300-82.jpg,240,240,glioma,105,66,185,132
BRATS_301-73.jpg,240,240,glioma,64,62,110,95
BRATS_303-81.jpg,240,240,glioma,40,122,145,178
BRATS_303-78.jpg,240,240,glioma,37,122,147,182
BRATS_303-90.jpg,240,240,glioma,44,110,140,171
BRATS_304-80.jpg,240,240,glioma,57,134,133,177
BRATS_304-86.jpg,240,240,glioma,54,135,131,177
BRATS_304-87.jpg,240,240,glioma,54,131,131,177
BRATS_305-71.jpg,240,240,glioma,59,71,104,107
BRATS_306-78.jpg,240,240,glioma,94,58,133,88
BRATS_306-79.jpg,240,240,glioma,95,58,133,87
BRATS_306-74.jpg,240,240,glioma,88,54,147,90
BRATS_307-82.jpg,240,240,glioma,65,79,124,138
BRATS_307-72.jpg,240,240,glioma,65,78,112,133
BRATS_308-75.jpg,240,240,glioma,67,138,123,169
BRATS_308-68.jpg,240,240,glioma,65,138,132,180
BRATS_309-68.jpg,240,240,glioma,72,64,156,114
BRATS_310-74.jpg,240,240,glioma,64,134,119,182
BRATS_310-69.jpg,240,240,glioma,65,136,119,182
BRATS_310-79.jpg,240,240,glioma,60,122,124,181
BRATS_310-65.jpg,240,240,glioma,76,139,123,181
BRATS_311-78.jpg,240,240,glioma,70,53,129,107
BRATS_311-81.jpg,240,240,glioma,68,54,130,109
BRATS_311-83.jpg,240,240,glioma,67,54,129,107
BRATS_313-66.jpg,240,240,glioma,107,59,146,103
BRATS_314-73.jpg,240,240,glioma,74,123,178,180
BRATS_314-61.jpg,240,240,glioma,51,127,176,187
BRATS_316-78.jpg,240,240,glioma,106,93,142,126
BRATS_317-83.jpg,240,240,glioma,58,67,109,105
BRATS_318-79.jpg,240,240,glioma,40,59,102,105
BRATS_318-85.jpg,240,240,glioma,39,63,96,110
BRATS_319-83.jpg,240,240,glioma,103,80,127,115
BRATS_319-85.jpg,240,240,glioma,98,73,129,117
BRATS_319-92.jpg,240,240,glioma,87,74,136,159
BRATS_319-93.jpg,240,240,glioma,87,74,136,159
BRATS_320-66.jpg,240,240,glioma,88,112,192,175
BRATS_320-68.jpg,240,240,glioma,86,112,192,175
BRATS_321-74.jpg,240,240,glioma,78,60,148,107
BRATS_321-82.jpg,240,240,glioma,79,68,148,106
BRATS_321-85.jpg,240,240,glioma,81,81,146,107
BRATS_322-60.jpg,240,240,glioma,59,71,92,97
BRATS_323-79.jpg,240,240,glioma,63,135,119,181
BRATS_323-72.jpg,240,240,glioma,63,137,137,182
BRATS_324-67.jpg,240,240,glioma,127,107,182,169
BRATS_324-80.jpg,240,240,glioma,123,99,191,167
BRATS_324-81.jpg,240,240,glioma,126,99,192,167
BRATS_325-74.jpg,240,240,glioma,54,84,110,124
BRATS_325-81.jpg,240,240,glioma,47,82,127,134
BRATS_327-74.jpg,240,240,glioma,101,136,149,178
BRATS_328-89.jpg,240,240,glioma,118,78,179,123
BRATS_329-78.jpg,240,240,glioma,77,114,142,172
BRATS_329-81.jpg,240,240,glioma,76,120,140,170
BRATS_329-70.jpg,240,240,glioma,71,105,148,174
BRATS_330-82.jpg,240,240,glioma,80,56,116,95
BRATS_330-80.jpg,240,240,glioma,85,57,112,86
BRATS_331-81.jpg,240,240,glioma,55,125,156,186
BRATS_331-83.jpg,240,240,glioma,57,126,155,186
BRATS_332-74.jpg,240,240,glioma,43,129,105,180
BRATS_332-88.jpg,240,240,glioma,45,134,127,178
BRATS_333-89.jpg,240,240,glioma,64,63,109,117
BRATS_334-70.jpg,240,240,glioma,126,72,208,150
BRATS_335-76.jpg,240,240,glioma,40,128,96,173
BRATS_336-75.jpg,240,240,glioma,39,78,95,122
BRATS_336-76.jpg,240,240,glioma,39,78,96,122
BRATS_336-71.jpg,240,240,glioma,41,80,90,120
BRATS_338-84.jpg,240,240,glioma,98,102,156,149
BRATS_338-86.jpg,240,240,glioma,100,103,156,148
BRATS_339-83.jpg,240,240,glioma,52,115,111,172
BRATS_339-86.jpg,240,240,glioma,50,117,113,172
BRATS_339-88.jpg,240,240,glioma,50,119,114,173
BRATS_341-72.jpg,240,240,glioma,113,70,183,152
BRATS_341-71.jpg,240,240,glioma,115,70,184,153
BRATS_341-78.jpg,240,240,glioma,115,71,180,152
BRATS_341-79.jpg,240,240,glioma,114,73,180,152
BRATS_342-58.jpg,240,240,glioma,86,59,150,102
BRATS_343-77.jpg,240,240,glioma,30,75,92,121
BRATS_343-71.jpg,240,240,glioma,30,77,92,117
BRATS_343-70.jpg,240,240,glioma,30,77,91,115
BRATS_343-67.jpg,240,240,glioma,27,79,91,114
BRATS_343-66.jpg,240,240,glioma,28,79,90,113
BRATS_344-72.jpg,240,240,glioma,53,136,109,187
BRATS_344-75.jpg,240,240,glioma,54,136,108,187
BRATS_344-78.jpg,240,240,glioma,55,134,106,186
BRATS_344-83.jpg,240,240,glioma,59,134,98,173
BRATS_344-84.jpg,240,240,glioma,60,134,96,170
BRATS_345-88.jpg,240,240,glioma,69,130,151,183
BRATS_347-73.jpg,240,240,glioma,51,129,128,187
BRATS_347-71.jpg,240,240,glioma,51,129,129,187
BRATS_347-67.jpg,240,240,glioma,53,130,131,185
BRATS_348-77.jpg,240,240,glioma,53,129,115,171
BRATS_348-88.jpg,240,240,glioma,59,128,108,176
BRATS_348-89.jpg,240,240,glioma,59,132,109,176
BRATS_349-85.jpg,240,240,glioma,51,54,118,110
BRATS_349-89.jpg,240,240,glioma,52,54,115,110
BRATS_350-84.jpg,240,240,glioma,53,109,94,160
BRATS_350-91.jpg,240,240,glioma,48,120,97,165
BRATS_351-81.jpg,240,240,glioma,77,90,114,115
BRATS_351-82.jpg,240,240,glioma,74,87,115,115
BRATS_352-73.jpg,240,240,glioma,53,56,147,111
BRATS_353-72.jpg,240,240,glioma,109,77,146,104
BRATS_354-84.jpg,240,240,glioma,68,66,126,103
BRATS_355-74.jpg,240,240,glioma,87,117,166,150
BRATS_355-69.jpg,240,240,glioma,86,115,121,149
BRATS_356-79.jpg,240,240,glioma,88,115,167,171
BRATS_356-82.jpg,240,240,glioma,86,113,170,171
BRATS_356-90.jpg,240,240,glioma,85,108,174,173
BRATS_358-73.jpg,240,240,glioma,75,126,151,170
BRATS_359-73.jpg,240,240,glioma,84,60,140,119
BRATS_359-79.jpg,240,240,glioma,88,63,130,116
BRATS_359-72.jpg,240,240,glioma,85,59,140,118
BRATS_362-82.jpg,240,240,glioma,47,78,108,135
BRATS_363-85.jpg,240,240,glioma,44,81,181,172
BRATS_363-82.jpg,240,240,glioma,42,82,167,170
BRATS_363-88.jpg,240,240,glioma,49,81,180,173
BRATS_363-90.jpg,240,240,glioma,49,71,180,170
BRATS_365-72.jpg,240,240,glioma,124,83,185,127
BRATS_365-82.jpg,240,240,glioma,114,72,181,136
BRATS_366-72.jpg,240,240,glioma,36,59,107,122
BRATS_366-70.jpg,240,240,glioma,34,59,106,122
BRATS_366-67.jpg,240,240,glioma,34,58,108,121
BRATS_366-85.jpg,240,240,glioma,38,62,103,123
BRATS_367-74.jpg,240,240,glioma,70,60,124,103
BRATS_368-73.jpg,240,240,glioma,37,74,95,121
BRATS_368-69.jpg,240,240,glioma,41,77,94,121
BRATS_368-68.jpg,240,240,glioma,41,78,94,120
BRATS_369-63.jpg,240,240,glioma,103,66,185,123
BRATS_369-68.jpg,240,240,glioma,99,65,186,129
BRATS_369-56.jpg,240,240,glioma,106,67,179,120
BRATS_370-95.jpg,240,240,glioma,46,120,98,153
BRATS_371-81.jpg,240,240,glioma,73,58,143,98
BRATS_372-73.jpg,240,240,glioma,62,120,118,154
BRATS_372-71.jpg,240,240,glioma,61,121,118,156
BRATS_372-77.jpg,240,240,glioma,62,122,118,153
BRATS_373-114.jpg,240,240,glioma,102,139,126,163
BRATS_374-70.jpg,240,240,glioma,39,125,99,161
BRATS_375-82.jpg,240,240,glioma,113,64,147,89
BRATS_375-86.jpg,240,240,glioma,110,60,150,92
BRATS_377-81.jpg,240,240,glioma,64,68,119,111
BRATS_377-67.jpg,240,240,glioma,62,56,129,109
BRATS_377-66.jpg,240,240,glioma,61,56,129,109
BRATS_377-84.jpg,240,240,glioma,66,69,112,109
BRATS_378-72.jpg,240,240,glioma,53,137,104,175
BRATS_381-82.jpg,240,240,glioma,62,58,85,92
BRATS_381-70.jpg,240,240,glioma,53,54,103,87
BRATS_382-82.jpg,240,240,glioma,97,147,157,175
BRATS_383-82.jpg,240,240,glioma,37,102,103,175
BRATS_385-75.jpg,240,240,glioma,121,122,163,165
BRATS_386-79.jpg,240,240,glioma,87,122,152,162
BRATS_386-85.jpg,240,240,glioma,86,122,129,156
BRATS_387-78.jpg,240,240,glioma,38,103,133,172
BRATS_388-91.jpg,240,240,glioma,81,132,131,177
BRATS_391-84.jpg,240,240,glioma,42,122,100,166
BRATS_392-76.jpg,240,240,glioma,85,68,162,113
BRATS_393-73.jpg,240,240,glioma,41,59,132,115
BRATS_393-79.jpg,240,240,glioma,47,65,135,118
BRATS_394-76.jpg,240,240,glioma,71,75,125,106
BRATS_394-64.jpg,240,240,glioma,71,66,139,116
BRATS_395-75.jpg,240,240,glioma,64,61,121,101
BRATS_395-83.jpg,240,240,glioma,67,62,112,102
BRATS_397-71.jpg,240,240,glioma,48,84,95,122
BRATS_397-78.jpg,240,240,glioma,44,78,101,123
BRATS_397-83.jpg,240,240,glioma,39,76,105,125
BRATS_398-78.jpg,240,240,glioma,70,61,151,118
BRATS_398-72.jpg,240,240,glioma,66,61,154,119
BRATS_399-75.jpg,240,240,glioma,51,54,133,112
BRATS_399-72.jpg,240,240,glioma,52,53,139,112
BRATS_399-70.jpg,240,240,glioma,53,53,140,111
BRATS_399-68.jpg,240,240,glioma,53,52,141,110
BRATS_400-82.jpg,240,240,glioma,107,122,174,178
BRATS_401-69.jpg,240,240,glioma,114,138,151,167
BRATS_402-74.jpg,240,240,glioma,69,58,193,116
BRATS_402-76.jpg,240,240,glioma,70,59,192,115
BRATS_402-85.jpg,240,240,glioma,66,60,192,113
BRATS_404-81.jpg,240,240,glioma,72,57,153,115
BRATS_405-73.jpg,240,240,glioma,122,119,156,158
BRATS_405-85.jpg,240,240,glioma,110,117,163,160
BRATS_406-84.jpg,240,240,glioma,80,137,140,175
BRATS_406-82.jpg,240,240,glioma,81,137,141,173
BRATS_406-78.jpg,240,240,glioma,86,142,141,163
BRATS_406-95.jpg,240,240,glioma,77,137,116,177
BRATS_407-79.jpg,240,240,glioma,108,75,156,105
BRATS_408-80.jpg,240,240,glioma,107,70,157,106
BRATS_409-78.jpg,240,240,glioma,119,108,197,174
BRATS_409-79.jpg,240,240,glioma,119,105,198,174
BRATS_409-68.jpg,240,240,glioma,124,109,194,157
BRATS_409-65.jpg,240,240,glioma,127,110,192,156
BRATS_410-73.jpg,240,240,glioma,103,64,169,110
BRATS_410-76.jpg,240,240,glioma,102,63,177,112
BRATS_411-69.jpg,240,240,glioma,88,66,181,159
BRATS_411-79.jpg,240,240,glioma,91,66,182,161
BRATS_411-76.jpg,240,240,glioma,92,67,182,161
BRATS_411-83.jpg,240,240,glioma,92,66,182,161
BRATS_411-84.jpg,240,240,glioma,91,66,182,161
BRATS_411-66.jpg,240,240,glioma,87,67,180,158
BRATS_412-85.jpg,240,240,glioma,54,127,144,186
BRATS_412-87.jpg,240,240,glioma,55,128,143,185
BRATS_412-91.jpg,240,240,glioma,58,132,137,183
BRATS_412-79.jpg,240,240,glioma,51,124,152,187
BRATS_412-76.jpg,240,240,glioma,51,124,158,188
BRATS_413-78.jpg,240,240,glioma,61,62,98,108
BRATS_413-82.jpg,240,240,glioma,59,58,99,108
BRATS_414-72.jpg,240,240,glioma,68,61,157,126
BRATS_414-75.jpg,240,240,glioma,67,62,159,123
BRATS_414-83.jpg,240,240,glioma,71,63,149,111
BRATS_414-66.jpg,240,240,glioma,68,60,158,132
BRATS_415-75.jpg,240,240,glioma,98,60,154,101
BRATS_415-80.jpg,240,240,glioma,96,60,157,105
BRATS_415-84.jpg,240,240,glioma,95,60,161,107
BRATS_416-84.jpg,240,240,glioma,91,125,136,174
BRATS_417-77.jpg,240,240,glioma,58,54,137,126
BRATS_418-85.jpg,240,240,glioma,95,60,134,108
BRATS_418-82.jpg,240,240,glioma,95,60,140,109
BRATS_419-80.jpg,240,240,glioma,101,67,166,115
BRATS_420-72.jpg,240,240,glioma,60,134,111,181
BRATS_420-66.jpg,240,240,glioma,64,135,102,176
BRATS_420-61.jpg,240,240,glioma,68,138,99,174
BRATS_422-75.jpg,240,240,glioma,40,66,118,120
BRATS_422-69.jpg,240,240,glioma,42,68,115,116
BRATS_424-74.jpg,240,240,glioma,43,131,133,181
BRATS_424-70.jpg,240,240,glioma,41,129,136,181
BRATS_424-77.jpg,240,240,glioma,56,135,134,183
BRATS_424-78.jpg,240,240,glioma,56,134,135,183
BRATS_424-65.jpg,240,240,glioma,40,132,124,175
BRATS_425-87.jpg,240,240,glioma,33,77,96,137
BRATS_425-79.jpg,240,240,glioma,33,76,92,140
BRATS_426-79.jpg,240,240,glioma,88,66,188,142
BRATS_427-74.jpg,240,240,glioma,38,125,118,178
BRATS_427-79.jpg,240,240,glioma,39,123,116,177
BRATS_427-81.jpg,240,240,glioma,39,123,115,176
BRATS_427-84.jpg,240,240,glioma,40,123,113,176
BRATS_428-85.jpg,240,240,glioma,62,65,107,108
BRATS_428-86.jpg,240,240,glioma,63,66,106,108
BRATS_428-82.jpg,240,240,glioma,56,66,116,107
BRATS_429-67.jpg,240,240,glioma,78,57,149,91
BRATS_429-59.jpg,240,240,glioma,80,57,148,95
BRATS_429-55.jpg,240,240,glioma,82,56,147,105
BRATS_430-75.jpg,240,240,glioma,56,111,150,166
BRATS_431-76.jpg,240,240,glioma,69,120,150,183
BRATS_431-79.jpg,240,240,glioma,71,122,156,182
BRATS_431-85.jpg,240,240,glioma,75,128,151,182
BRATS_432-80.jpg,240,240,glioma,38,62,117,135
BRATS_432-90.jpg,240,240,glioma,39,62,106,129
BRATS_433-79.jpg,240,240,glioma,71,58,132,108
BRATS_433-82.jpg,240,240,glioma,72,60,126,108
BRATS_433-84.jpg,240,240,glioma,73,63,124,105
BRATS_434-73.jpg,240,240,glioma,106,55,137,81
BRATS_434-70.jpg,240,240,glioma,106,55,136,84
BRATS_435-78.jpg,240,240,glioma,59,73,159,118
BRATS_435-84.jpg,240,240,glioma,71,72,161,111
BRATS_435-66.jpg,240,240,glioma,54,84,97,127
BRATS_436-70.jpg,240,240,glioma,62,65,106,102
BRATS_436-79.jpg,240,240,glioma,71,65,97,100
BRATS_436-81.jpg,240,240,glioma,76,65,99,102
BRATS_436-82.jpg,240,240,glioma,76,65,100,102
BRATS_437-76.jpg,240,240,glioma,54,58,175,117
BRATS_437-74.jpg,240,240,glioma,52,59,172,117
BRATS_437-72.jpg,240,240,glioma,52,63,175,116
BRATS_437-68.jpg,240,240,glioma,50,62,168,115
BRATS_438-59.jpg,240,240,glioma,102,153,149,186
BRATS_439-82.jpg,240,240,glioma,40,57,105,104
BRATS_440-74.jpg,240,240,glioma,32,74,96,120
BRATS_440-70.jpg,240,240,glioma,33,72,99,120
BRATS_441-77.jpg,240,240,glioma,40,115,138,182
BRATS_441-74.jpg,240,240,glioma,40,115,141,185
BRATS_441-81.jpg,240,240,glioma,40,115,137,174
BRATS_441-70.jpg,240,240,glioma,40,132,143,186
BRATS_441-82.jpg,240,240,glioma,40,115,136,174
BRATS_441-68.jpg,240,240,glioma,40,130,144,187
BRATS_441-84.jpg,240,240,glioma,41,116,134,174
BRATS_442-61.jpg,240,240,glioma,43,132,96,167
BRATS_443-64.jpg,240,240,glioma,42,70,71,103
BRATS_443-52.jpg,240,240,glioma,40,66,79,102
BRATS_444-75.jpg,240,240,glioma,82,76,165,129
BRATS_445-85.jpg,240,240,glioma,40,130,124,180
BRATS_446-75.jpg,240,240,glioma,34,58,107,127
BRATS_446-77.jpg,240,240,glioma,35,57,107,126
BRATS_447-76.jpg,240,240,glioma,76,130,146,184
BRATS_447-70.jpg,240,240,glioma,74,129,146,185
BRATS_448-80.jpg,240,240,glioma,72,114,173,184
BRATS_448-78.jpg,240,240,glioma,72,116,162,184
BRATS_448-86.jpg,240,240,glioma,71,111,179,184
BRATS_449-67.jpg,240,240,glioma,118,113,184,166
BRATS_450-74.jpg,240,240,glioma,66,69,131,109
BRATS_451-73.jpg,240,240,glioma,41,113,143,186
BRATS_451-85.jpg,240,240,glioma,45,126,140,180
BRATS_452-71.jpg,240,240,glioma,46,126,118,166
BRATS_452-70.jpg,240,240,glioma,48,128,118,167
BRATS_452-77.jpg,240,240,glioma,43,118,124,168
BRATS_452-68.jpg,240,240,glioma,49,131,118,167
BRATS_452-67.jpg,240,240,glioma,48,132,118,166
BRATS_452-66.jpg,240,240,glioma,48,133,118,166
BRATS_453-82.jpg,240,240,glioma,56,57,143,110
BRATS_453-84.jpg,240,240,glioma,55,56,142,110
BRATS_453-77.jpg,240,240,glioma,64,56,142,108
BRATS_453-90.jpg,240,240,glioma,53,58,141,109
BRATS_454-61.jpg,240,240,glioma,103,58,152,104
BRATS_455-75.jpg,240,240,glioma,78,106,165,184
BRATS_455-77.jpg,240,240,glioma,78,110,166,184
BRATS_455-68.jpg,240,240,glioma,78,108,163,184
BRATS_456-78.jpg,240,240,glioma,52,122,158,184
BRATS_458-80.jpg,240,240,glioma,60,114,105,171
BRATS_458-78.jpg,240,240,glioma,61,115,100,171
BRATS_458-81.jpg,240,240,glioma,59,114,107,170
BRATS_458-82.jpg,240,240,glioma,59,114,108,170
BRATS_458-73.jpg,240,240,glioma,67,122,96,156
BRATS_458-87.jpg,240,240,glioma,58,106,110,170
BRATS_459-53.jpg,240,240,glioma,64,129,100,158
BRATS_460-76.jpg,240,240,glioma,48,127,121,184
BRATS_460-73.jpg,240,240,glioma,48,128,121,184
BRATS_461-77.jpg,240,240,glioma,63,60,149,118
BRATS_461-80.jpg,240,240,glioma,64,62,148,118
BRATS_461-69.jpg,240,240,glioma,65,59,152,117
BRATS_463-72.jpg,240,240,glioma,59,92,110,161
BRATS_463-79.jpg,240,240,glioma,53,94,126,163
BRATS_463-85.jpg,240,240,glioma,52,91,129,162
BRATS_464-81.jpg,240,240,glioma,83,116,145,175
BRATS_464-85.jpg,240,240,glioma,81,117,146,175
BRATS_464-88.jpg,240,240,glioma,79,120,147,175
BRATS_464-74.jpg,240,240,glioma,92,117,137,171
BRATS_464-90.jpg,240,240,glioma,78,128,147,174
BRATS_465-79.jpg,240,240,glioma,128,99,191,171
BRATS_465-82.jpg,240,240,glioma,127,99,191,171
BRATS_465-69.jpg,240,240,glioma,122,104,189,167
BRATS_466-80.jpg,240,240,glioma,54,62,83,86
BRATS_468-89.jpg,240,240,glioma,86,77,136,124
BRATS_468-85.jpg,240,240,glioma,84,70,138,108
BRATS_469-86.jpg,240,240,glioma,117,124,155,148
BRATS_469-88.jpg,240,240,glioma,115,121,166,152
BRATS_469-89.jpg,240,240,glioma,113,121,167,154
BRATS_469-100.jpg,240,240,glioma,94,116,173,170
BRATS_470-79.jpg,240,240,glioma,72,82,139,136
BRATS_470-78.jpg,240,240,glioma,72,82,140,136
BRATS_470-76.jpg,240,240,glioma,72,81,141,136
BRATS_470-86.jpg,240,240,glioma,72,82,147,137
BRATS_470-72.jpg,240,240,glioma,74,80,142,135
BRATS_471-71.jpg,240,240,glioma,111,66,194,137
BRATS_471-79.jpg,240,240,glioma,109,66,200,136
BRATS_471-81.jpg,240,240,glioma,110,66,200,137
BRATS_471-68.jpg,240,240,glioma,111,67,193,135
BRATS_471-84.jpg,240,240,glioma,110,66,199,137
BRATS_472-75.jpg,240,240,glioma,63,57,154,122
BRATS_473-75.jpg,240,240,glioma,91,140,134,168
BRATS_474-83.jpg,240,240,glioma,40,107,128,181
BRATS_474-71.jpg,240,240,glioma,42,108,123,171
BRATS_474-69.jpg,240,240,glioma,43,127,122,168
BRATS_475-63.jpg,240,240,glioma,119,109,171,168
BRATS_476-87.jpg,240,240,glioma,111,89,173,126
BRATS_476-99.jpg,240,240,glioma,100,85,172,136
BRATS_477-72.jpg,240,240,glioma,56,127,156,183
BRATS_478-78.jpg,240,240,glioma,74,59,157,103
BRATS_478-83.jpg,240,240,glioma,72,62,155,100
BRATS_478-74.jpg,240,240,glioma,77,59,157,104
BRATS_478-73.jpg,240,240,glioma,80,58,157,105
BRATS_478-71.jpg,240,240,glioma,78,58,156,105
BRATS_479-69.jpg,240,240,glioma,68,64,111,99
BRATS_479-64.jpg,240,240,glioma,64,63,114,100
BRATS_481-73.jpg,240,240,glioma,52,74,139,95
BRATS_482-78.jpg,240,240,glioma,86,72,155,142
BRATS_484-73.jpg,240,240,glioma,36,66,100,115
